DOID:0014667	disease of metabolism	OMIA:001898	Metabolic syndrome	false	
DOID:0050120	hemophagocytic lymphohistiocytosis	OMIA:001229	Haemophagocytic syndrome	false	
DOID:0050120	hemophagocytic lymphohistiocytosis	OMIA:001229	Haemophagocytic syndrome	true	
DOID:0050144	Kartagener syndrome	OMIA:000573	Kartagener syndrome	false	
DOID:0050144	Kartagener syndrome	OMIA:000573	Kartagener syndrome	true	
DOID:0050152	aspiration pneumonia	OMIA:001930	Pneumonia, aspiration	false	
DOID:0050152	aspiration pneumonia	OMIA:001930	Pneumonia, aspiration	true	
DOID:0050156	idiopathic pulmonary fibrosis	OMIA:001417	Pulmonary fibrosis, idiopathic	false	
DOID:0050156	idiopathic pulmonary fibrosis	OMIA:001417	Pulmonary fibrosis, idiopathic	true	
DOID:0050424	familial adenomatous polyposis	OMIA:001916	familial adenomatous polyposis	false	
DOID:0050424	familial adenomatous polyposis	OMIA:001916	familial adenomatous polyposis	true	
DOID:0050431	arrhythmogenic right ventricular cardiomyopathy	OMIA:000878	Arrhythmogenic right ventricular cardiomyopathy	false	
DOID:0050431	arrhythmogenic right ventricular cardiomyopathy	OMIA:000878	Arrhythmogenic right ventricular cardiomyopathy	true	
DOID:0050431	arrhythmogenic right ventricular cardiomyopathy	OMIA:000878-9615	Arrhythmogenic right ventricular cardiomyopathy	false	
DOID:0050431	arrhythmogenic right ventricular cardiomyopathy	OMIA:000878-9615	Arrhythmogenic right ventricular cardiomyopathy	true	
DOID:0050534	congenital stationary night blindness	OMIA:001486	Night blindness, congenital stationary	false	
DOID:0050534	congenital stationary night blindness	OMIA:001486	Night blindness, congenital stationary	true	
DOID:0050534	congenital stationary night blindness	OMIA:001486-9796	Congenital stationary night blindness	false	
DOID:0050534	congenital stationary night blindness	OMIA:001486-9796	Congenital stationary night blindness	true	
DOID:0050548	hereditary sensory neuropathy	OMIA:001514-9615	hereditary sensory neuropathy	false	
DOID:0050548	hereditary sensory neuropathy	OMIA:001514-9615	hereditary sensory neuropathy	true	
DOID:0050574	L-2-hydroxyglutaric aciduria	OMIA:001371	L-2-hydroxyglutaricacidemia	false	
DOID:0050574	L-2-hydroxyglutaric aciduria	OMIA:001371	L-2-hydroxyglutaricacidemia	true	
DOID:0050574	L-2-hydroxyglutaric aciduria	OMIA:001371-9615	L-2-hydroxyglutaric aciduria	false	
DOID:0050574	L-2-hydroxyglutaric aciduria	OMIA:001371-9615	L-2-hydroxyglutaric aciduria	true	
DOID:0050581	brachydactyly	OMIA:000146	Brachydactyly	false	
DOID:0050581	brachydactyly	OMIA:000146	Brachydactyly	true	
DOID:0050589	inflammatory bowel disease	OMIA:001687	Inflammatory bowel disease	false	
DOID:0050589	inflammatory bowel disease	OMIA:001687	Inflammatory bowel disease	true	
DOID:0050591	tooth agenesis	OMIA:001241	Oligodontia	false	
DOID:0050591	tooth agenesis	OMIA:001241	Oligodontia	true	
DOID:0050605	acrodermatitis enteropathica	OMIA:000593	Acrodermatitis enteropathica	false	
DOID:0050605	acrodermatitis enteropathica	OMIA:000593	Acrodermatitis enteropathica	true	
DOID:0050636	familial visceral amyloidosis	OMIA:000040	Amyloidosis, renal	false	
DOID:0050636	familial visceral amyloidosis	OMIA:000040	Amyloidosis, renal	true	
DOID:0050646	distal arthrogryposis	OMIA:001465	Arthrogryposis multiplex congenita	false	
DOID:0050646	distal arthrogryposis	OMIA:001465	Arthrogryposis multiplex congenita	true	
DOID:0050650	familial atrial fibrillation	OMIA:001181	Atrial fibrillation	false	
DOID:0050700	cardiomyopathy	OMIA:000160	Cardiomyopathy	false	
DOID:0050700	cardiomyopathy	OMIA:000160	Cardiomyopathy	true	
DOID:0050725	tyrosinemia type II	OMIA:001141	Tyrosinemia, type II	false	
DOID:0050725	tyrosinemia type II	OMIA:001141	Tyrosinemia, type II	true	
DOID:0050753	cerebellar ataxia	OMIA:000078	Ataxia, cerebellar	false	
DOID:0050753	cerebellar ataxia	OMIA:000078	Ataxia, cerebellar	true	
DOID:0050756	Batten disease	OMIA:001443-9940	Battens disease	true	
DOID:0050791	persistent mullerian duct syndrome	OMIA:000791	Persistent Mullerian duct syndrome	false	
DOID:0050791	persistent mullerian duct syndrome	OMIA:000791	Persistent Mullerian duct syndrome	true	
DOID:0050791	persistent mullerian duct syndrome	OMIA:000791-9615	Persistent Mullerian Duct Syndrome	false	
DOID:0050791	persistent mullerian duct syndrome	OMIA:000791-9615	Persistent Mullerian Duct Syndrome	true	
DOID:0050811	congenital adrenal hyperplasia	OMIA:000017	Adrenal hyperplasia, congenital	false	
DOID:0050811	congenital adrenal hyperplasia	OMIA:000017	Adrenal hyperplasia, congenital	true	
DOID:0050828	artery disease	OMIA:000062	Artery, anomaly of	false	
DOID:0060013	gamma chain deficiency	OMIA:000899	Severe combined immunodeficiency disease, X-linked	false	
DOID:0060041	autism spectrum disorder	OMIA:001815	Autism spectrum disorder	false	
DOID:0060041	autism spectrum disorder	OMIA:001815	Autism spectrum disorder	true	
DOID:0060053	peripheral neuropathy	OMIA:001150	Neuropathy, peripheral	false	
DOID:0060053	peripheral neuropathy	OMIA:001150	Neuropathy, peripheral	true	
DOID:0060060	non-Hodgkin lymphoma	OMIA:001708	Lymphoma, non-Hodgkin	false	
DOID:0060060	non-Hodgkin lymphoma	OMIA:001708	Lymphoma, non-Hodgkin	true	
DOID:0060218	CREST syndrome	OMIA:000240	Crest	false	
DOID:0060218	CREST syndrome	OMIA:000240	Crest	true	
DOID:0060224	atrial fibrillation	OMIA:001181	Atrial fibrillation	false	
DOID:0060224	atrial fibrillation	OMIA:001181	Atrial fibrillation	true	
DOID:0060232	branchiootic syndrome	NCBITaxon:9903	Bos	true	
DOID:0060249	scoliosis	OMIA:000891	Scoliosis	false	
DOID:0060249	scoliosis	OMIA:000891	Scoliosis	true	
DOID:0060320	inguinal hernia	OMIA:000462	Hernia, inguinal	false	
DOID:0060320	inguinal hernia	OMIA:000462	Hernia, inguinal	true	
DOID:0060321	umbilical hernia	OMIA:000465	Hernia, umbilical	false	
DOID:0060321	umbilical hernia	OMIA:000465	Hernia, umbilical	true	
DOID:0060327	omphalocele	OMIA:000741	Omphalocele	false	
DOID:0060327	omphalocele	OMIA:000741	Omphalocele	true	
DOID:0060341	agnathia-otocephaly complex	OMIA:001127	Otocephaly	false	
DOID:0060341	agnathia-otocephaly complex	OMIA:001127	Otocephaly	true	
DOID:0060358	multiple acyl-CoA dehydrogenase deficiency	OMIA:001457	Multiple acyl-CoA dehydrogenase deficiency	false	
DOID:0060358	multiple acyl-CoA dehydrogenase deficiency	OMIA:001457	Multiple acyl-CoA dehydrogenase deficiency	true	
DOID:0080016	spina bifida	OMIA:000933	Spina bifida	false	
DOID:0080016	spina bifida	OMIA:000933	Spina bifida	true	
DOID:0080056	achondrogenesis type II	OMIA:001926	Achondrogenesis, type II	false	
DOID:0080056	achondrogenesis type II	OMIA:001926	Achondrogenesis, type II	true	
DOID:0080070	inclusion-cell disease	OMIA:001248	Mucolipidosis II	false	
DOID:0080070	inclusion-cell disease	OMIA:001248	Mucolipidosis II	true	
DOID:0080073	spina bifida occulta	OMIA:000934	Spina bifida occulta	false	
DOID:0080073	spina bifida occulta	OMIA:000934	Spina bifida occulta	true	
DOID:0080100	congenital myopathy	OMIA:000694	Myopathy, congenital	false	
DOID:0080100	congenital myopathy	OMIA:000694	Myopathy, congenital	true	
DOID:10123	pigmentation disease	OMIA:001607	Pigmentation	false	
DOID:10223	dermatomyositis	OMIA:000270	Dermatomyositis	false	
DOID:10223	dermatomyositis	OMIA:000270	Dermatomyositis	true	
DOID:10486	intestinal atresia	OMIA:000087	Atresia intestinal	false	
DOID:10486	intestinal atresia	OMIA:000087	Atresia intestinal	true	
DOID:10488	imperforate anus	OMIA:000558	Imperforate anus	false	
DOID:10488	imperforate anus	OMIA:000558	Imperforate anus	true	
DOID:10584	retinitis pigmentosa	OMIA:001413	Retinitis pigmentosa	false	
DOID:10584	retinitis pigmentosa	OMIA:001413	Retinitis pigmentosa	true	
DOID:10587	Krabbe disease	OMIA:000578	Krabbe disease	false	
DOID:10587	Krabbe disease	OMIA:000578	Krabbe disease	true	
DOID:10587	Krabbe disease	OMIA:000578-9615	globoid cell leukodystrophy	false	
DOID:10587	Krabbe disease	OMIA:000578-9615	globoid cell leukodystrophy	true	
DOID:10611	protein-losing enteropathy	OMIA:001325	Protein-losing enteropathy	false	
DOID:10611	protein-losing enteropathy	OMIA:001325	Protein-losing enteropathy	true	
DOID:1062	Fanconi syndrome	OMIA:000366	Fanconi syndrome	false	
DOID:1062	Fanconi syndrome	OMIA:000366	Fanconi syndrome	true	
DOID:10629	microphthalmia	OMIA:000649	Microphthalmia	false	
DOID:10629	microphthalmia	OMIA:000649	Microphthalmia	true	
DOID:10652	Alzheimer's disease	OMIA:000033	Alzheimer disease	false	
DOID:10652	Alzheimer's disease	OMIA:000033	Alzheimer disease	true	
DOID:1070	primary open angle glaucoma	OMIA:001870	Glaucoma, primary open angle	false	
DOID:1070	primary open angle glaucoma	OMIA:001870	Glaucoma, primary open angle	true	
DOID:1070	primary open angle glaucoma	OMIA:001870-9615	Primary open angle glaucoma	false	
DOID:1070	primary open angle glaucoma	OMIA:001870-9615	Primary open angle glaucoma	true	
DOID:10754	otitis media	OMIA:001266	Otitis media, susceptibility to	false	
DOID:10763	hypertension	OMIA:000509	Hypertension	false	
DOID:10763	hypertension	OMIA:000509	Hypertension	true	
DOID:10763	hypertension	OMIA:000967	Systemic hypertension	true	
DOID:10780	primary polycythemia	OMIA:001186	Erythrocytosis	false	
DOID:10825	essential hypertension	OMIA:000510	Hypertension, essential	false	
DOID:10825	essential hypertension	OMIA:000510	Hypertension, essential	true	
DOID:1089	tethered spinal cord syndrome	OMIA:000938	Spinal dysraphism	false	
DOID:1089	tethered spinal cord syndrome	OMIA:000938	Spinal dysraphism	true	
DOID:10892	hypospadias	OMIA:001187	Hypospadias	false	
DOID:10892	hypospadias	OMIA:001187	Hypospadias	true	
DOID:10907	microcephaly	OMIA:000645	Microcephaly	false	
DOID:10907	microcephaly	OMIA:000645	Microcephaly	true	
DOID:10908	hydrocephalus	OMIA:000487	Hydrocephalus	false	
DOID:10908	hydrocephalus	OMIA:000487	Hydrocephalus	true	
DOID:1094	attention deficit hyperactivity disorder	OMIA:001882	Attention deficit hyperactivity disorder	false	
DOID:1094	attention deficit hyperactivity disorder	OMIA:001882	Attention deficit hyperactivity disorder	true	
DOID:10952	nephritis	OMIA:000708	Nephritis	false	
DOID:10952	nephritis	OMIA:000708	Nephritis	true	
DOID:10983	Alport syndrome	OMIA:001112-9615	Alport syndrome	false	
DOID:10983	Alport syndrome	OMIA:001112-9615	Alport syndrome	true	
DOID:11199	hypoparathyroidism	OMIA:000528	Hypoparathyroidism	false	
DOID:11199	hypoparathyroidism	OMIA:000528	Hypoparathyroidism	true	
DOID:11213	acute contagious conjunctivitis	OMIA:001384	Pink eye	false	
DOID:11213	acute contagious conjunctivitis	OMIA:001384	Pink eye	true	
DOID:11213	acute contagious conjunctivitis	OMIA:001700	Pink eye	false	
DOID:11213	acute contagious conjunctivitis	OMIA:001700	Pink eye	true	
DOID:11372	megacolon	OMIA:000629	Megacolon	false	
DOID:11372	megacolon	OMIA:000629	Megacolon	true	
DOID:11383	cryptorchidism	OMIA:000243	Cryptorchidism	false	
DOID:11383	cryptorchidism	OMIA:000243	Cryptorchidism	true	
DOID:11476	osteoporosis	OMIA:000105	Osteoporosis	false	
DOID:11476	osteoporosis	OMIA:000105	Osteoporosis	true	
DOID:1148	polydactyly	OMIA:000810	Polydactyly	false	
DOID:1148	polydactyly	OMIA:000810	Polydactyly	true	
DOID:11486	Horner's syndrome	OMIA:001197	Horner syndrome	false	
DOID:11486	Horner's syndrome	OMIA:001197	Horner syndrome	true	
DOID:11512	hepatic vein thrombosis	OMIA:001203	Budd-chiari syndrome	false	
DOID:11512	hepatic vein thrombosis	OMIA:001203	Budd-chiari syndrome	true	
DOID:11577	Cauda equina syndrome	OMIA:000170	Cauda equina syndrome	false	
DOID:11577	Cauda equina syndrome	OMIA:000170	Cauda equina syndrome	true	
DOID:11589	Riley-Day syndrome	OMIA:000312	Dysautonomia	false	
DOID:11589	Riley-Day syndrome	OMIA:000312	Dysautonomia	true	
DOID:1168	familial hyperlipidemia	OMIA:001160	Hyperlipidaemia	false	
DOID:1168	familial hyperlipidemia	OMIA:001160	Hyperlipidaemia	true	
DOID:11721	glycogen storage disease VII	OMIA:000421	Glycogen storage disease VII	false	
DOID:11721	glycogen storage disease VII	OMIA:000421	Glycogen storage disease VII	true	
DOID:11723	Duchenne muscular dystrophy	OMIA:001081	Muscular dystrophy, Duchenne type	false	
DOID:11723	Duchenne muscular dystrophy	OMIA:001081	Muscular dystrophy, Duchenne type	true	
DOID:11723	Duchenne muscular dystrophy	OMIA:001131	Muscular dystrophy, Duchenne	false	
DOID:11723	Duchenne muscular dystrophy	OMIA:001131	Muscular dystrophy, Duchenne	true	
DOID:11830	myopia	OMIA:001487	Myopia	false	
DOID:11830	myopia	OMIA:001487	Myopia	true	
DOID:11836	clubfoot	OMIA:000271-9825	Club foot	false	
DOID:11836	clubfoot	OMIA:000271-9825	Club foot	true	
DOID:1184	nephrotic syndrome	OMIA:000712	Nephrotic syndrome	false	
DOID:1184	nephrotic syndrome	OMIA:000712	Nephrotic syndrome	true	
DOID:11984	hypertrophic cardiomyopathy	OMIA:000515	Cardiomyopathy, hypertrophic	false	
DOID:11984	hypertrophic cardiomyopathy	OMIA:000515	Cardiomyopathy, hypertrophic	true	
DOID:12176	goiter	OMIA:000424	Goitre, familial	false	
DOID:12177	common variable immunodeficiency	OMIA:001760	Common Variable ImmunoDeficiency	false	
DOID:12177	common variable immunodeficiency	OMIA:001760	Common Variable ImmunoDeficiency	true	
DOID:12252	Cushing's syndrome	OMIA:000247	Cushing disease	false	
DOID:12270	coloboma	OMIA:000219	Coloboma	false	
DOID:12270	coloboma	OMIA:000219	Coloboma	true	
DOID:12306	vitiligo	OMIA:001055	Vitiligo	false	
DOID:12306	vitiligo	OMIA:001055	Vitiligo	true	
DOID:12309	urticaria pigmentosa	OMIA:001289	Urticaria pigmentosa	false	
DOID:12309	urticaria pigmentosa	OMIA:001289	Urticaria pigmentosa	true	
DOID:12347	osteogenesis imperfecta	OMIA:000754	Osteogenesis imperfecta	false	
DOID:12347	osteogenesis imperfecta	OMIA:000754	Osteogenesis imperfecta	true	
DOID:12376	juvenile spinal muscular atrophy	OMIA:000939	Spinal muscular atrophy	false	
DOID:12377	spinal muscular atrophy	OMIA:000939	Spinal muscular atrophy	false	
DOID:12377	spinal muscular atrophy	OMIA:000939	Spinal muscular atrophy	true	
DOID:12397	entropion	OMIA:000337	Entropion	false	
DOID:12397	entropion	OMIA:000337	Entropion	true	
DOID:12639	pyloric stenosis	OMIA:000843	Pyloric stenosis	false	
DOID:12639	pyloric stenosis	OMIA:000843	Pyloric stenosis	true	
DOID:12642	hiatus hernia	OMIA:000461	Hernia, hiatal	false	
DOID:12642	hiatus hernia	OMIA:000461	Hernia, hiatal	true	
DOID:12799	mucopolysaccharidosis II	OMIA:001317	Mucopolysaccharidosis II	false	
DOID:12799	mucopolysaccharidosis II	OMIA:001317	Mucopolysaccharidosis II	true	
DOID:12800	mucopolysaccharidosis VI	OMIA:000666	Mucopolysaccharidosis VI	false	
DOID:12800	mucopolysaccharidosis VI	OMIA:000666	Mucopolysaccharidosis VI	true	
DOID:12801	mucopolysaccharidosis III	OMIA:001309	Mucopolysaccharidosis IIIA	false	
DOID:12801	mucopolysaccharidosis III	OMIA:001309	Mucopolysaccharidosis IIIA	true	
DOID:12801	mucopolysaccharidosis III	OMIA:001342	Mucopolysaccharidosis IIIB	false	
DOID:12801	mucopolysaccharidosis III	OMIA:001342	Mucopolysaccharidosis IIIB	true	
DOID:12802	mucopolysaccharidosis I	OMIA:000664	Mucopolysaccharidosis I	false	
DOID:12802	mucopolysaccharidosis I	OMIA:000664	Mucopolysaccharidosis I	true	
DOID:12802	mucopolysaccharidosis I	OMIA:000664-9615	Mucopolysaccharidosis I	false	
DOID:12802	mucopolysaccharidosis I	OMIA:000664-9615	Mucopolysaccharidosis I	true	
DOID:12803	Sly syndrome	OMIA:000667	Mucopolysaccharidosis VII	false	
DOID:12803	Sly syndrome	OMIA:000667	Mucopolysaccharidosis VII	true	
DOID:12858	Huntington's disease	OMIA:000485	Huntington disease	false	
DOID:12858	Huntington's disease	OMIA:000485	Huntington disease	true	
DOID:12929	endocardial fibroelastosis	OMIA:001803	Endocardial fibroelastosis	false	
DOID:12929	endocardial fibroelastosis	OMIA:001803	Endocardial fibroelastosis	true	
DOID:12930	dilated cardiomyopathy	OMIA:000162	Cardiomyopathy, dilated	false	
DOID:12930	dilated cardiomyopathy	OMIA:000162	Cardiomyopathy, dilated	true	
DOID:12930	dilated cardiomyopathy	OMIA:000162-9615	Dilated cardiomyopathy	false	
DOID:12930	dilated cardiomyopathy	OMIA:000162-9615	Dilated cardiomyopathy	true	
DOID:13270	erythropoietic protoporphyria	OMIA:000836	Protoporphyria	false	
DOID:13270	erythropoietic protoporphyria	OMIA:000836	Protoporphyria	true	
DOID:13316	exocrine pancreatic insufficiency	OMIA:000765	Pancreatic insufficiency, exocrine	false	
DOID:13316	exocrine pancreatic insufficiency	OMIA:000765	Pancreatic insufficiency, exocrine	true	
DOID:13328	diabetic cataract	OMIA:001865	Cataract, diabetic	false	
DOID:13328	diabetic cataract	OMIA:001865	Cataract, diabetic	true	
DOID:13359	Ehlers-Danlos syndrome	OMIA:000327	Ehlers-Danlos syndrome	false	
DOID:13359	Ehlers-Danlos syndrome	OMIA:000327	Ehlers-Danlos syndrome	true	
DOID:13372	alpha 1-antitrypsin deficiency	OMIA:000032	Alpha-1-antitrypsin deficiency	false	
DOID:13372	alpha 1-antitrypsin deficiency	OMIA:000032	Alpha-1-antitrypsin deficiency	true	
DOID:13413	hepatic encephalopathy	OMIA:000453	Hepatic encephalopathy	false	
DOID:13413	hepatic encephalopathy	OMIA:000453	Hepatic encephalopathy	true	
DOID:13533	osteopetrosis	OMIA:000755	Osteopetrosis	false	
DOID:13533	osteopetrosis	OMIA:000755	Osteopetrosis	true	
DOID:13543	hyperparathyroidism	OMIA:000508	Hyperparathyroidism	false	
DOID:13543	hyperparathyroidism	OMIA:000508	Hyperparathyroidism	true	
DOID:13593	eclampsia	OMIA:001331	Eclampsia	false	
DOID:13593	eclampsia	OMIA:001331	Eclampsia	true	
DOID:13628	glucose-6-phosphate dehydrogenase deficiency	OMIA:000416	Glucose-6-phosphate dehydrogenase deficiency	false	
DOID:13628	glucose-6-phosphate dehydrogenase deficiency	OMIA:000416	Glucose-6-phosphate dehydrogenase deficiency	true	
DOID:13714	anodontia	OMIA:000048	Anodontia	false	
DOID:13714	anodontia	OMIA:000048	Anodontia	true	
DOID:13757	excessive tearing	OMIA:001239	Epiphora	false	
DOID:13757	excessive tearing	OMIA:001239	Epiphora	true	
DOID:13774	Addison's disease	OMIA:000519	Hypoadrenocorticism	false	
DOID:13774	Addison's disease	OMIA:000519	Hypoadrenocorticism	true	
DOID:13832	patent ductus arteriosus	OMIA:000779	Patent ductus arteriosus	false	
DOID:13832	patent ductus arteriosus	OMIA:000779	Patent ductus arteriosus	true	
DOID:1389	polyneuropathy	OMIA:001292	Polyneuropathy	false	
DOID:1389	polyneuropathy	OMIA:001292	Polyneuropathy	true	
DOID:1389	polyneuropathy	OMIA:001917-9615	polyneuropathy	false	
DOID:1389	polyneuropathy	OMIA:001917-9615	polyneuropathy	true	
DOID:14004	thoracic aortic aneurysm	OMIA:001419	Aortic aneurysm, familial thoracic	false	
DOID:14221	metabolic syndrome X	OMIA:001898	Metabolic syndrome	false	
DOID:14221	metabolic syndrome X	OMIA:001898	Metabolic syndrome	true	
DOID:14261	fragile X syndrome	OMIA:000391	Fragile X	false	
DOID:14291	LEOPARD syndrome	NCBITaxon:9691	Panthera pardus	false	
DOID:14291	LEOPARD syndrome	NCBITaxon:9691	Panthera pardus	true	
DOID:1432	blindness	OMIA:000114	Blindness	false	
DOID:1432	blindness	OMIA:000114	Blindness	true	
DOID:14323	Marfan syndrome	OMIA:000628	Marfan syndrome	false	
DOID:14323	Marfan syndrome	OMIA:000628	Marfan syndrome	true	
DOID:14323	Marfan syndrome	OMIA:000628-9913	Marfan Syndrome	false	
DOID:14323	Marfan syndrome	OMIA:000628-9913	Marfan Syndrome	true	
DOID:1441	autosomal dominant cerebellar ataxia	OMIA:001820	Ataxia, spinocerebellar	false	
DOID:1441	autosomal dominant cerebellar ataxia	OMIA:001820	Ataxia, spinocerebellar	true	
DOID:14452	hypokalemic periodic paralysis	OMIA:000523	Periodic paralysis I	false	
DOID:14452	hypokalemic periodic paralysis	OMIA:000523	Periodic paralysis I	true	
DOID:14503	neuronal ceroid lipofuscinosis	OMIA:000181-9615	Neuronal ceroid lipofuscinosis	false	
DOID:14503	neuronal ceroid lipofuscinosis	OMIA:000181-9615	Neuronal ceroid lipofuscinosis	true	
DOID:14503	neuronal ceroid lipofuscinosis	OMIA:000181-9685	neuronal ceroid lipofuscinosis	false	
DOID:14503	neuronal ceroid lipofuscinosis	OMIA:000181-9685	neuronal ceroid lipofuscinosis	true	
DOID:14503	neuronal ceroid lipofuscinosis	OMIA:000181-9796	Neuronal ceroid lipofuscinosis	false	
DOID:14503	neuronal ceroid lipofuscinosis	OMIA:000181-9796	Neuronal ceroid lipofuscinosis	true	
DOID:14503	neuronal ceroid lipofuscinosis	OMIA:000181-9913	Neuronal ceroid lipofuscinosis	false	
DOID:14503	neuronal ceroid lipofuscinosis	OMIA:000181-9913	Neuronal ceroid lipofuscinosis	true	
DOID:14503	neuronal ceroid lipofuscinosis	OMIA:000181-9925	neuronal ceroid lipofuscinosis	false	
DOID:14503	neuronal ceroid lipofuscinosis	OMIA:000181-9925	neuronal ceroid lipofuscinosis	true	
DOID:14503	neuronal ceroid lipofuscinosis	OMIA:000181-9940	Neuronal ceroid lipofuscinosis	false	
DOID:14503	neuronal ceroid lipofuscinosis	OMIA:000181-9940	Neuronal ceroid lipofuscinosis	true	
DOID:14504	Niemann-Pick disease	OMIA:000724	Niemann-Pick disease	false	
DOID:14504	Niemann-Pick disease	OMIA:000724	Niemann-Pick disease	true	
DOID:14504	Niemann-Pick disease	OMIA:000725	Niemann-Pick disease, type C	false	
DOID:14504	Niemann-Pick disease	OMIA:000725	Niemann-Pick disease, type C	true	
DOID:14504	Niemann-Pick disease	OMIA:001795	Niemann-Pick disease, type A	false	
DOID:14504	Niemann-Pick disease	OMIA:001795	Niemann-Pick disease, type A	true	
DOID:1459	hypothyroidism	OMIA:000536	Hypothyroidism	false	
DOID:1459	hypothyroidism	OMIA:000536	Hypothyroidism	true	
DOID:14717	centronuclear myopathy	OMIA:001374	Myopathy, centronuclear	false	
DOID:14717	centronuclear myopathy	OMIA:001374	Myopathy, centronuclear	true	
DOID:14784	olivopontocerebellar atrophy	OMIA:000740	Olivopontocerebellar atrophy	false	
DOID:14784	olivopontocerebellar atrophy	OMIA:000740	Olivopontocerebellar atrophy	true	
DOID:1485	cystic fibrosis	OMIA:001794	Cystic fibrosis	false	
DOID:1485	cystic fibrosis	OMIA:001794	Cystic fibrosis	true	
DOID:1570	ectropion	OMIA:000325	Ectropion	false	
DOID:1570	ectropion	OMIA:000325	Ectropion	true	
DOID:1587	thrombocytopenia due to platelet alloimmunization	OMIA:000095	Autoimmune thrombocytopenia	false	
DOID:1587	thrombocytopenia due to platelet alloimmunization	OMIA:000095	Autoimmune thrombocytopenia	true	
DOID:1657	ventricular septal defect	OMIA:001041	Ventricular septal defect	false	
DOID:1657	ventricular septal defect	OMIA:001041	Ventricular septal defect	true	
DOID:1673	pneumothorax	OMIA:000804	Pneumothorax	false	
DOID:1673	pneumothorax	OMIA:000804	Pneumothorax	true	
DOID:1682	congenital heart disease	OMIA:000446	Heart defect, congenital	false	
DOID:1682	congenital heart disease	OMIA:000446	Heart defect, congenital	true	
DOID:1754	mitral valve stenosis	OMIA:000653	Mitral stenosis	false	
DOID:1754	mitral valve stenosis	OMIA:000653	Mitral stenosis	true	
DOID:1754	mitral valve stenosis	OMIA:000655	Mitral valve stenosis	false	
DOID:1754	mitral valve stenosis	OMIA:000655	Mitral valve stenosis	true	
DOID:1826	epilepsy syndrome	OMIA:000344	Epilepsy	false	
DOID:1826	epilepsy syndrome	OMIA:000344	Epilepsy	true	
DOID:1838	Menkes disease	OMIA:000640	Menkes syndrome	false	
DOID:1882	atrial heart septal defect	OMIA:000089	Atrial septal defect	false	
DOID:1882	atrial heart septal defect	OMIA:000089	Atrial septal defect	true	
DOID:1909	melanoma	OMIA:001724	Melanoma, malignant	false	
DOID:1909	melanoma	OMIA:001724	Melanoma, malignant	true	
DOID:1924	hypogonadism	OMIA:000522	Hypogonadism	false	
DOID:1924	hypogonadism	OMIA:000522	Hypogonadism	true	
DOID:1929	supravalvular aortic stenosis	OMIA:000960	Supravalvular aortic stenosis	false	
DOID:1929	supravalvular aortic stenosis	OMIA:000960	Supravalvular aortic stenosis	true	
DOID:1936	atherosclerosis	OMIA:000080	Atherosclerosis	false	
DOID:1936	atherosclerosis	OMIA:000080	Atherosclerosis	true	
DOID:205	hyperostosis	OMIA:000507	Hyperostosis	false	
DOID:205	hyperostosis	OMIA:000507	Hyperostosis	true	
DOID:2187	amelogenesis imperfecta	OMIA:001805	Amelogenesis imperfecta	false	
DOID:2187	amelogenesis imperfecta	OMIA:001805	Amelogenesis imperfecta	true	
DOID:2211	factor XIII deficiency	OMIA:001818	Factor XIII deficiency	false	
DOID:2211	factor XIII deficiency	OMIA:001818	Factor XIII deficiency	true	
DOID:2215	factor VII deficiency	OMIA:000361	Factor VII deficiency	false	
DOID:2215	factor VII deficiency	OMIA:000361	Factor VII deficiency	true	
DOID:2218	blood platelet disease	OMIA:000802	Platelet disorder	false	
DOID:2218	blood platelet disease	OMIA:000802	Platelet disorder	true	
DOID:2218	blood platelet disease	OMIA:001002	Thrombocytopathy	false	
DOID:2218	blood platelet disease	OMIA:001002	Thrombocytopathy	true	
DOID:2222	factor X deficiency	OMIA:000362	Factor X deficiency	false	
DOID:2222	factor X deficiency	OMIA:000362	Factor X deficiency	true	
DOID:2229	factor XI deficiency	OMIA:000363	Factor XI deficiency	false	
DOID:2229	factor XI deficiency	OMIA:000363	Factor XI deficiency	true	
DOID:2231	factor XII deficiency	OMIA:000364	Factor XII deficiency	false	
DOID:2231	factor XII deficiency	OMIA:000364	Factor XII deficiency	true	
DOID:2256	osteochondrodysplasia	OMIA:000189	Chondrodystrophy	false	
DOID:2256	osteochondrodysplasia	OMIA:000189	Chondrodystrophy	true	
DOID:2256	osteochondrodysplasia	OMIA:001315	Osteochondrodysplasia	false	
DOID:2256	osteochondrodysplasia	OMIA:001315	Osteochondrodysplasia	true	
DOID:231	motor neuron disease	OMIA:001165	Motor neuron disease	false	
DOID:231	motor neuron disease	OMIA:001165	Motor neuron disease	true	
DOID:2340	craniosynostosis	OMIA:001224	Craniosynostosis	false	
DOID:2340	craniosynostosis	OMIA:001224	Craniosynostosis	true	
DOID:2352	hemochromatosis	OMIA:000428	Haemochromatosis	false	
DOID:2352	hemochromatosis	OMIA:000428	Haemochromatosis	true	
DOID:2355	anemia	OMIA:001087	Anaemia	false	
DOID:2355	anemia	OMIA:001087	Anaemia	true	
DOID:2367	neuroaxonal dystrophy	OMIA:000715	Neuroaxonal dystrophy	false	
DOID:2367	neuroaxonal dystrophy	OMIA:000715	Neuroaxonal dystrophy	true	
DOID:2368	gangliosidosis	OMIA:000401	Gangliosidosis	false	
DOID:2368	gangliosidosis	OMIA:000401	Gangliosidosis	true	
DOID:2377	multiple sclerosis	OMIA:000670	Multiple sclerosis	false	
DOID:2377	multiple sclerosis	OMIA:000670	Multiple sclerosis	true	
DOID:2449	acromegaly	OMIA:000008	Acromegaly	false	
DOID:2449	acromegaly	OMIA:000008	Acromegaly	true	
DOID:2518	orchitis	OMIA:000745	Orchitis	false	
DOID:2518	orchitis	OMIA:000745	Orchitis	true	
DOID:2566	corneal dystrophy	OMIA:000230	Corneal dystrophy	false	
DOID:2566	corneal dystrophy	OMIA:000230	Corneal dystrophy	true	
DOID:2590	familial nephrotic syndrome	OMIA:000712	Nephrotic syndrome	false	
DOID:263	kidney cancer	OMIA:001335-9615	Renal cancer syndrome	false	
DOID:263	kidney cancer	OMIA:001335-9615	Renal cancer syndrome	true	
DOID:2671	transitional cell carcinoma	OMIA:001512	Transitional cell carcinoma	false	
DOID:2671	transitional cell carcinoma	OMIA:001512	Transitional cell carcinoma	true	
DOID:2730	epidermolysis bullosa	OMIA:000340	Epidermolysis bullosa	false	
DOID:2730	epidermolysis bullosa	OMIA:000340	Epidermolysis bullosa	true	
DOID:2746	glycogen storage disease V	OMIA:001139	Glycogen storage disease V	false	
DOID:2746	glycogen storage disease V	OMIA:001139	Glycogen storage disease V	true	
DOID:2746	glycogen storage disease V	OMIA:001139-9913	Myophosphorylase deficiency	false	
DOID:2746	glycogen storage disease V	OMIA:001139-9913	Myophosphorylase deficiency	true	
DOID:2750	glycogen storage disease IV	OMIA:000420	Glycogen storage disease IV	false	
DOID:2750	glycogen storage disease IV	OMIA:000420	Glycogen storage disease IV	true	
DOID:2752	glycogen storage disease II	OMIA:000419	Glycogen storage disease II	false	
DOID:2752	glycogen storage disease II	OMIA:000419	Glycogen storage disease II	true	
DOID:2785	Dandy-Walker syndrome	OMIA:000258	Dandy-Walker syndrome	false	
DOID:2785	Dandy-Walker syndrome	OMIA:000258	Dandy-Walker syndrome	true	
DOID:2786	cerebellar disease	OMIA:000178	Cerebellar disease	false	
DOID:2786	cerebellar disease	OMIA:000178	Cerebellar disease	true	
DOID:2862	glucosephosphate dehydrogenase deficiency	OMIA:000416	Glucose-6-phosphate dehydrogenase deficiency	false	
DOID:2862	glucosephosphate dehydrogenase deficiency	OMIA:000416	Glucose-6-phosphate dehydrogenase deficiency	true	
DOID:2921	glomerulonephritis	OMIA:000413	Glomerulonephritis	false	
DOID:2921	glomerulonephritis	OMIA:000413	Glomerulonephritis	true	
DOID:2935	Chediak-Higashi syndrome	OMIA:000185	Chediak-Higashi syndrome	false	
DOID:2935	Chediak-Higashi syndrome	OMIA:000185	Chediak-Higashi syndrome	true	
DOID:2975	cystic kidney	OMIA:001257	Renal cysts	true	
DOID:3132	porphyria cutanea tarda	OMIA:001176	Porphyria cutanea tarda	false	
DOID:3132	porphyria cutanea tarda	OMIA:001176	Porphyria cutanea tarda	true	
DOID:319	spinal cord disease	OMIA:001162	Myelopathy	false	
DOID:319	spinal cord disease	OMIA:001162	Myelopathy	true	
DOID:3204	neurilemmomatosis	OMIA:001963	Schwannomatosis	false	
DOID:3204	neurilemmomatosis	OMIA:001963	Schwannomatosis	true	
DOID:3211	lysosomal storage disease	OMIA:000616	Lysosomal storage disease	false	
DOID:3211	lysosomal storage disease	OMIA:000616	Lysosomal storage disease	true	
DOID:3246	embryonal rhabdomyosarcoma	OMIA:001921	Rhabdomyosarcoma, embryonal	false	
DOID:3246	embryonal rhabdomyosarcoma	OMIA:001921	Rhabdomyosarcoma, embryonal	true	
DOID:327	syringomyelia	OMIA:000965	Syringomyelia	false	
DOID:327	syringomyelia	OMIA:000965	Syringomyelia	true	
DOID:3310	atopic dermatitis	OMIA:000269	Dermatitis, atopic	false	
DOID:3310	atopic dermatitis	OMIA:000269	Dermatitis, atopic	true	
DOID:3315	lipoma	OMIA:000606	Lipomatosis, multiple	false	
DOID:3315	lipoma	OMIA:000606	Lipomatosis, multiple	true	
DOID:3322	gangliosidosis GM1	OMIA:000402	Gangliosidosis, GM1	false	
DOID:3322	gangliosidosis GM1	OMIA:000402	Gangliosidosis, GM1	true	
DOID:3347	osteosarcoma	OMIA:001441	Osteosarcoma	false	
DOID:3347	osteosarcoma	OMIA:001441	Osteosarcoma	true	
DOID:3413	alpha-mannosidosis	OMIA:000625	Mannosidosis, alpha	false	
DOID:3413	alpha-mannosidosis	OMIA:000625	Mannosidosis, alpha	true	
DOID:3529	central core myopathy	OMIA:000172	Central core myopathy	false	
DOID:3529	central core myopathy	OMIA:000172	Central core myopathy	true	
DOID:3633	beta-mannosidosis	OMIA:000626	Mannosidosis, beta	false	
DOID:3633	beta-mannosidosis	OMIA:000626	Mannosidosis, beta	true	
DOID:3635	congenital myasthenic syndrome	OMIA:000685	Myasthenic syndrome, congenital	false	
DOID:3635	congenital myasthenic syndrome	OMIA:000685	Myasthenic syndrome, congenital	true	
DOID:3635	congenital myasthenic syndrome	OMIA:000685-9615	Congenital myasthenic syndrome	false	
DOID:3635	congenital myasthenic syndrome	OMIA:000685-9615	Congenital myasthenic syndrome	true	
DOID:3635	congenital myasthenic syndrome	OMIA:001928-9615	Congenital myasthenic syndromes	true	
DOID:3649	pyruvate decarboxylase deficiency	OMIA:001406	Pyruvate dehydrogenase deficiency	false	
DOID:3649	pyruvate decarboxylase deficiency	OMIA:001406	Pyruvate dehydrogenase deficiency	true	
DOID:3756	protein C deficiency	OMIA:000835	Protein C deficiency	false	
DOID:3756	protein C deficiency	OMIA:000835	Protein C deficiency	true	
DOID:3827	congenital diaphragmatic hernia	OMIA:000459	Hernia, diaphragmatic	false	
DOID:3827	congenital diaphragmatic hernia	OMIA:000459	Hernia, diaphragmatic	true	
DOID:384	Wolff-Parkinson-White syndrome	OMIA:001194	Wolff-Parkinson-White syndrome	false	
DOID:384	Wolff-Parkinson-White syndrome	OMIA:001194	Wolff-Parkinson-White syndrome	true	
DOID:3890	acute intermittent porphyria	OMIA:001493	Porphyria, acute intermittent	false	
DOID:3890	acute intermittent porphyria	OMIA:001493	Porphyria, acute intermittent	true	
DOID:3930	otitis interna	OMIA:001277	Otitis interna, susceptibility to	false	
DOID:4078	tricuspid valve stenosis	OMIA:001021	Tricuspid stenosis	false	
DOID:4078	tricuspid valve stenosis	OMIA:001021	Tricuspid stenosis	true	
DOID:418	systemic scleroderma	OMIA:001202	Scleroderma	false	
DOID:418	systemic scleroderma	OMIA:001202	Scleroderma	true	
DOID:419	scleroderma	OMIA:001202	Scleroderma	false	
DOID:419	scleroderma	OMIA:001202	Scleroderma	true	
DOID:420	hypertrichosis	OMIA:000513	Hypertrichosis	false	
DOID:420	hypertrichosis	OMIA:000513	Hypertrichosis	true	
DOID:423	myopathy	OMIA:000693	Myopathy	false	
DOID:423	myopathy	OMIA:000693	Myopathy	true	
DOID:4252	Alexander disease	OMIA:001208	Alexander disease	false	
DOID:4252	Alexander disease	OMIA:001208	Alexander disease	true	
DOID:437	myasthenia gravis	OMIA:000684	Myasthenia gravis	false	
DOID:437	myasthenia gravis	OMIA:000684	Myasthenia gravis	true	
DOID:4448	macular degeneration	OMIA:000619	Macular degeneration	false	
DOID:4448	macular degeneration	OMIA:000619	Macular degeneration	true	
DOID:446	hyperaldosteronism	OMIA:001269	Hyperaldosteronism	false	
DOID:446	hyperaldosteronism	OMIA:001269	Hyperaldosteronism	true	
DOID:4480	achondroplasia	OMIA:000004	Achondroplasia	false	
DOID:4480	achondroplasia	OMIA:000004	Achondroplasia	true	
DOID:4481	allergic rhinitis	OMIA:000027	Allergic rhinitis	false	
DOID:4481	allergic rhinitis	OMIA:000027	Allergic rhinitis	true	
DOID:4535	hypotrichosis	OMIA:000540	Hypotrichosis	false	
DOID:4535	hypotrichosis	OMIA:000540	Hypotrichosis	true	
DOID:4603	epidermolytic hyperkeratosis	OMIA:001415	Hyperkeratosis, epidermolytic	false	
DOID:4603	epidermolytic hyperkeratosis	OMIA:001415	Hyperkeratosis, epidermolytic	true	
DOID:4621	holoprosencephaly	OMIA:000478	Holoprosencephaly	false	
DOID:4621	holoprosencephaly	OMIA:000478	Holoprosencephaly	true	
DOID:4624	Ollier disease	OMIA:001214	Osteochondromatosis	false	
DOID:4624	Ollier disease	OMIA:001214	Osteochondromatosis	true	
DOID:4626	hydranencephaly	OMIA:000486	Hydranencephaly	false	
DOID:4626	hydranencephaly	OMIA:000486	Hydranencephaly	true	
DOID:4671	freemartinism	OMIA:000393	Freemartin	true	
DOID:4677	keratitis	OMIA:001287	Keratitis	false	
DOID:4677	keratitis	OMIA:001287	Keratitis	true	
DOID:4731	atrophic rhinitis	OMIA:000091	Atrophic rhinitis	false	
DOID:4731	atrophic rhinitis	OMIA:000091	Atrophic rhinitis	true	
DOID:4959	epidermolysis bullosa dystrophica	OMIA:000341	Epidermolysis bullosa, dystrophic	false	
DOID:4959	epidermolysis bullosa dystrophica	OMIA:000341	Epidermolysis bullosa, dystrophic	true	
DOID:5112	swayback	OMIA:000961	Swayback	false	
DOID:5112	swayback	OMIA:000961	Swayback	true	
DOID:5223	infertility	OMIA:000562	Infertility	false	
DOID:5223	infertility	OMIA:000562	Infertility	true	
DOID:5327	retinal detachment	OMIA:000275	Retinal detachment	false	
DOID:5327	retinal detachment	OMIA:000275	Retinal detachment	true	
DOID:5338	gingival hypertrophy	OMIA:000409	Gingival hypertrophy	false	
DOID:5338	gingival hypertrophy	OMIA:000409	Gingival hypertrophy	true	
DOID:5339	cyclic hematopoiesis	OMIA:000248	Neutropenia, cyclic	true	
DOID:540	strabismus	OMIA:000949	Strabismus	false	
DOID:540	strabismus	OMIA:000949	Strabismus	true	
DOID:5434	scrapie	OMIA:000944-452646	Scrapie	false	
DOID:5434	scrapie	OMIA:000944-452646	Scrapie	true	
DOID:5434	scrapie	OMIA:000944-9925	Scrapie	false	
DOID:5434	scrapie	OMIA:000944-9925	Scrapie	true	
DOID:5434	scrapie	OMIA:000944-9940	Scrapie	false	
DOID:5434	scrapie	OMIA:000944-9940	Scrapie	true	
DOID:557	kidney disease	OMIA:000710	Nephropathy	false	
DOID:557	kidney disease	OMIA:000710	Nephropathy	true	
DOID:5614	eye disease	OMIA:001964	Eye infection, susceptibility to	false	
DOID:5805	subvalvular aortic stenosis	OMIA:000052	Aortic stenosis, subvalvular	false	
DOID:5805	subvalvular aortic stenosis	OMIA:000052	Aortic stenosis, subvalvular	true	
DOID:585	nephrolithiasis	OMIA:000709	Nephrolithiasis	false	
DOID:585	nephrolithiasis	OMIA:000709	Nephrolithiasis	true	
DOID:61	mitral valve disease	OMIA:000654	Mitral valve disease	false	
DOID:61	mitral valve disease	OMIA:000654	Mitral valve disease	true	
DOID:612	primary immunodeficiency disease	OMIA:000550	Immunodeficiency	false	
DOID:628	combined T cell and B cell immunodeficiency	OMIA:000220-9615	Combined immunodeficiency disease	false	
DOID:628	combined T cell and B cell immunodeficiency	OMIA:000220-9796	Combined immunodeficiency disease	false	
DOID:6419	tetralogy of Fallot	OMIA:000994	Tetralogy of fallot	false	
DOID:6419	tetralogy of Fallot	OMIA:000994	Tetralogy of fallot	true	
DOID:6432	pulmonary hypertension	OMIA:000841	Pulmonary hypertension	false	
DOID:6432	pulmonary hypertension	OMIA:000841	Pulmonary hypertension	true	
DOID:649	prion disease	OMIA:000944	Spongiform encephalopathy	false	
DOID:649	prion disease	OMIA:000944	Spongiform encephalopathy	true	
DOID:668	myositis ossificans	OMIA:000697	Myositis ossificans	false	
DOID:668	myositis ossificans	OMIA:000697	Myositis ossificans	true	
DOID:6725	spinal stenosis	OMIA:000947	Stenosis, spinal	false	
DOID:6725	spinal stenosis	OMIA:000947	Stenosis, spinal	true	
DOID:674	cleft palate	OMIA:000197	Cleft palate	false	
DOID:674	cleft palate	OMIA:000197	Cleft palate	true	
DOID:699	mitochondrial myopathy	OMIA:000695	Myopathy, mitochondrial	false	
DOID:699	mitochondrial myopathy	OMIA:000695	Myopathy, mitochondrial	true	
DOID:699	mitochondrial myopathy	OMIA:001285	Mitochondrial myopathy	false	
DOID:699	mitochondrial myopathy	OMIA:001285	Mitochondrial myopathy	true	
DOID:7147	ankylosing spondylitis	OMIA:000046	Ankylosing spondylitis	false	
DOID:7147	ankylosing spondylitis	OMIA:000046	Ankylosing spondylitis	true	
DOID:7148	rheumatoid arthritis	OMIA:000067	Arthritis, rheumatoid	false	
DOID:7148	rheumatoid arthritis	OMIA:000067	Arthritis, rheumatoid	true	
DOID:7166	thyroiditis	OMIA:001005	Thyroiditis	false	
DOID:7166	thyroiditis	OMIA:001005	Thyroiditis	true	
DOID:718	autoimmune hemolytic anemia	OMIA:000432	Haemolytic anaemia, autoimmune	false	
DOID:718	autoimmune hemolytic anemia	OMIA:000432	Haemolytic anaemia, autoimmune	true	
DOID:758	situs inversus	OMIA:001102	Situs inversus	false	
DOID:758	situs inversus	OMIA:001102	Situs inversus	true	
DOID:7998	hyperthyroidism	OMIA:000511	Hyperthyroidism	false	
DOID:7998	hyperthyroidism	OMIA:000511	Hyperthyroidism	true	
DOID:8125	osteochondrosis	OMIA:000750	Osteochondrosis	false	
DOID:8125	osteochondrosis	OMIA:000750	Osteochondrosis	true	
DOID:8354	complement component 3 deficiency	OMIA:000155	C3 deficiency	false	
DOID:8354	complement component 3 deficiency	OMIA:000155	C3 deficiency	true	
DOID:8398	osteoarthritis	OMIA:000747	Osteoarthritis	false	
DOID:8398	osteoarthritis	OMIA:000747	Osteoarthritis	true	
DOID:84	osteochondritis dissecans	OMIA:000748	Osteochondritis dissecans	false	
DOID:84	osteochondritis dissecans	OMIA:000748	Osteochondritis dissecans	true	
DOID:8432	polycythemia	OMIA:000809	Polycythemia	false	
DOID:8432	polycythemia	OMIA:000809	Polycythemia	true	
DOID:8446	intussusception	OMIA:001227	Intussusception	false	
DOID:8446	intussusception	OMIA:001227	Intussusception	true	
DOID:8465	retinoschisis	OMIA:001185	Retinoschisis	false	
DOID:8465	retinoschisis	OMIA:001185	Retinoschisis	true	
DOID:8466	retinal degeneration	OMIA:000866	Retinal degeneration	false	
DOID:8466	retinal degeneration	OMIA:000866	Retinal degeneration	true	
DOID:848	arthritis	OMIA:000064	Arthritis	false	
DOID:848	arthritis	OMIA:000064	Arthritis	true	
DOID:8501	fundus dystrophy	OMIA:000869	Retinal dystrophy	false	
DOID:8501	fundus dystrophy	OMIA:000869	Retinal dystrophy	true	
DOID:8545	malignant hyperthermia	OMIA:000621	Malignant hyperthermia	false	
DOID:8545	malignant hyperthermia	OMIA:000621	Malignant hyperthermia	true	
DOID:8552	chronic myeloid leukemia	OMIA:001513	Chronic myelogenous leukemia	false	
DOID:8552	chronic myeloid leukemia	OMIA:001513	Chronic myelogenous leukemia	true	
DOID:8567	Hodgkin's lymphoma	OMIA:000476	Hodgkin disease	false	
DOID:8567	Hodgkin's lymphoma	OMIA:000476	Hodgkin disease	true	
DOID:8580	malignant histiocytosis	OMIA:000620	Histiocytosis, malignant	false	
DOID:8580	malignant histiocytosis	OMIA:000620	Histiocytosis, malignant	true	
DOID:8593	chronic monocytic leukemia	OMIA:001573	Leukemia, chronic monocytic	false	
DOID:8593	chronic monocytic leukemia	OMIA:001573	Leukemia, chronic monocytic	true	
DOID:8593	chronic monocytic leukemia	OMIA:001573-9615	Chronic monocytic leukemia	false	
DOID:8593	chronic monocytic leukemia	OMIA:001573-9615	Chronic monocytic leukemia	true	
DOID:863	nervous system disease	OMIA:000713	Nervous	false	
DOID:8675	lymphosarcoma	OMIA:000615	Lymphosarcoma	false	
DOID:8675	lymphosarcoma	OMIA:000615	Lymphosarcoma	true	
DOID:8691	mycosis fungoides	OMIA:001109	Mycosis fungoides	false	
DOID:8691	mycosis fungoides	OMIA:001109	Mycosis fungoides	true	
DOID:8712	neurofibromatosis	OMIA:000716	Neurofibromatosis	false	
DOID:8712	neurofibromatosis	OMIA:000716	Neurofibromatosis	true	
DOID:8857	lupus erythematosus	OMIA:000968	Systemic lupus erythematosus	true	
DOID:8861	pulmonary subvalvular stenosis	OMIA:000954	Subvalvular pulmonary stenosis	false	
DOID:8861	pulmonary subvalvular stenosis	OMIA:000954	Subvalvular pulmonary stenosis	true	
DOID:8892	pityriasis rosea	OMIA:000801	Pityriasis rosea	false	
DOID:8892	pityriasis rosea	OMIA:000801	Pityriasis rosea	true	
DOID:8924	autoimmune thrombocytopenic purpura	OMIA:001104	Thrombocytopenic purpura, autoimmune	false	
DOID:8924	autoimmune thrombocytopenic purpura	OMIA:001104	Thrombocytopenic purpura, autoimmune	true	
DOID:893	Wilson disease	OMIA:001071	Wilson disease	false	
DOID:893	Wilson disease	OMIA:001071	Wilson disease	true	
DOID:898	polycystic kidney disease	OMIA:000807	Polycystic kidney disease	false	
DOID:898	polycystic kidney disease	OMIA:000807	Polycystic kidney disease	true	
DOID:8986	narcolepsy	OMIA:000703	Narcolepsy	false	
DOID:8986	narcolepsy	OMIA:000703	Narcolepsy	true	
DOID:9074	systemic lupus erythematosus	OMIA:000968	Systemic lupus erythematosus	false	
DOID:9074	systemic lupus erythematosus	OMIA:000968	Systemic lupus erythematosus	true	
DOID:9120	amyloidosis	OMIA:000037	Amyloidosis	false	
DOID:9120	amyloidosis	OMIA:000037	Amyloidosis	true	
DOID:9182	pemphigus	OMIA:001188	Pemphigus	false	
DOID:9182	pemphigus	OMIA:001188	Pemphigus	true	
DOID:9253	gastrointestinal stromal tumor	OMIA:001516	Gastrointestinal stromal tumor	false	
DOID:9253	gastrointestinal stromal tumor	OMIA:001516	Gastrointestinal stromal tumor	true	
DOID:9269	maple syrup urine disease	OMIA:000627	Maple syrup urine disease	false	
DOID:9269	maple syrup urine disease	OMIA:000627	Maple syrup urine disease	true	
DOID:9270	alkaptonuria	OMIA:001243	Alkaptonuria	false	
DOID:9270	alkaptonuria	OMIA:001243	Alkaptonuria	true	
DOID:9286	priapism	OMIA:001166	Priapism	false	
DOID:9286	priapism	OMIA:001166	Priapism	true	
DOID:9296	cleft lip	OMIA:000444	Harelip	false	
DOID:9296	cleft lip	OMIA:000444	Harelip	true	
DOID:9351	diabetes mellitus	OMIA:000279	Diabetes mellitus	false	
DOID:9351	diabetes mellitus	OMIA:000279	Diabetes mellitus	true	
DOID:9352	type 2 diabetes mellitus	OMIA:000284	Diabetes mellitus, type II	false	
DOID:9352	type 2 diabetes mellitus	OMIA:000284	Diabetes mellitus, type II	true	
DOID:9409	diabetes insipidus	OMIA:000278	Diabetes insipidus	false	
DOID:9409	diabetes insipidus	OMIA:000278	Diabetes insipidus	true	
DOID:9452	fatty liver disease	OMIA:000605	Lipidosis, hepatic	false	
DOID:9452	fatty liver disease	OMIA:000605	Lipidosis, hepatic	true	
DOID:9463	otitis externa	OMIA:001110	Otitis externa, susceptibility to	false	
DOID:9487	Meckel's diverticulum	OMIA:001217	Meckel diverticulum	false	
DOID:9487	Meckel's diverticulum	OMIA:001217	Meckel diverticulum	true	
DOID:9562	primary ciliary dyskinesia	OMIA:001540	Ciliary dyskinesia, primary	false	
DOID:9562	primary ciliary dyskinesia	OMIA:001540	Ciliary dyskinesia, primary	true	
DOID:9562	primary ciliary dyskinesia	OMIA:001540-9615	Primary ciliary dyskinesia	false	
DOID:9562	primary ciliary dyskinesia	OMIA:001540-9615	Primary ciliary dyskinesia	true	
DOID:9574	choanal atresia	OMIA:001764	Choanal atresia	false	
DOID:9574	choanal atresia	OMIA:001764	Choanal atresia	true	
DOID:9631	Pelger-Huet anomaly	OMIA:000783	Pelger-Huet anomaly	false	
DOID:9631	Pelger-Huet anomaly	OMIA:000783	Pelger-Huet anomaly	true	
DOID:9649	congenital nystagmus	OMIA:000731	Nystagmus, congenital	false	
DOID:9649	congenital nystagmus	OMIA:000731	Nystagmus, congenital	true	
DOID:9744	type 1 diabetes mellitus	OMIA:000283	Diabetes mellitus, type I	false	
DOID:9744	type 1 diabetes mellitus	OMIA:000283	Diabetes mellitus, type I	true	
DOID:9744	type 1 diabetes mellitus	OMIA:001394	Diabetes mellitus, insulin-dependent	false	
DOID:9744	type 1 diabetes mellitus	OMIA:001394	Diabetes mellitus, insulin-dependent	true	
DOID:986	alopecia areata	OMIA:001702	Alopecia areata	false	
DOID:986	alopecia areata	OMIA:001702	Alopecia areata	true	
DOID:9870	galactosemia	OMIA:001144	Galactosemia	false	
DOID:9870	galactosemia	OMIA:001144	Galactosemia	true	
DOID:9883	Becker muscular dystrophy	OMIA:001888	Muscular dystrophy, Becker type	false	
DOID:9883	Becker muscular dystrophy	OMIA:001888	Muscular dystrophy, Becker type	true	
DOID:9884	muscular dystrophy	OMIA:000679	Muscular dystrophy	false	
DOID:9884	muscular dystrophy	OMIA:000679	Muscular dystrophy	true	
DOID:9884	muscular dystrophy	OMIA:001967-9615	Muscular Dystrophy	false	
DOID:9884	muscular dystrophy	OMIA:001967-9615	Muscular Dystrophy	true	
DOID:9970	obesity	OMIA:001258	Obesity	false	
DOID:9970	obesity	OMIA:001258	Obesity	true	
NCBITaxon:9691	Panthera pardus	DOID:14291	LEOPARD syndrome	false	
NCBITaxon:9691	Panthera pardus	DOID:14291	LEOPARD syndrome	true	
NCBITaxon:9903	Bos	DOID:0060232	branchiootic syndrome	true	
OMIA:000004	Achondroplasia	DOID:4480	achondroplasia	false	
OMIA:000004	Achondroplasia	DOID:4480	achondroplasia	true	
OMIA:000008	Acromegaly	DOID:2449	acromegaly	false	
OMIA:000008	Acromegaly	DOID:2449	acromegaly	true	
OMIA:000017	Adrenal hyperplasia, congenital	DOID:0050811	congenital adrenal hyperplasia	false	
OMIA:000017	Adrenal hyperplasia, congenital	DOID:0050811	congenital adrenal hyperplasia	true	
OMIA:000027	Allergic rhinitis	DOID:4481	allergic rhinitis	false	
OMIA:000027	Allergic rhinitis	DOID:4481	allergic rhinitis	true	
OMIA:000032	Alpha-1-antitrypsin deficiency	DOID:13372	alpha 1-antitrypsin deficiency	false	
OMIA:000032	Alpha-1-antitrypsin deficiency	DOID:13372	alpha 1-antitrypsin deficiency	true	
OMIA:000033	Alzheimer disease	DOID:10652	Alzheimer's disease	false	
OMIA:000033	Alzheimer disease	DOID:10652	Alzheimer's disease	true	
OMIA:000037	Amyloidosis	DOID:9120	amyloidosis	false	
OMIA:000037	Amyloidosis	DOID:9120	amyloidosis	true	
OMIA:000040	Amyloidosis, renal	DOID:0050636	familial visceral amyloidosis	false	
OMIA:000040	Amyloidosis, renal	DOID:0050636	familial visceral amyloidosis	true	
OMIA:000046	Ankylosing spondylitis	DOID:7147	ankylosing spondylitis	false	
OMIA:000046	Ankylosing spondylitis	DOID:7147	ankylosing spondylitis	true	
OMIA:000048	Anodontia	DOID:13714	anodontia	false	
OMIA:000048	Anodontia	DOID:13714	anodontia	true	
OMIA:000052	Aortic stenosis, subvalvular	DOID:5805	subvalvular aortic stenosis	false	
OMIA:000052	Aortic stenosis, subvalvular	DOID:5805	subvalvular aortic stenosis	true	
OMIA:000062	Artery, anomaly of	DOID:0050828	artery disease	false	
OMIA:000064	Arthritis	DOID:848	arthritis	false	
OMIA:000064	Arthritis	DOID:848	arthritis	true	
OMIA:000067	Arthritis, rheumatoid	DOID:7148	rheumatoid arthritis	false	
OMIA:000067	Arthritis, rheumatoid	DOID:7148	rheumatoid arthritis	true	
OMIA:000078	Ataxia, cerebellar	DOID:0050753	cerebellar ataxia	false	
OMIA:000078	Ataxia, cerebellar	DOID:0050753	cerebellar ataxia	true	
OMIA:000080	Atherosclerosis	DOID:1936	atherosclerosis	false	
OMIA:000080	Atherosclerosis	DOID:1936	atherosclerosis	true	
OMIA:000087	Atresia intestinal	DOID:10486	intestinal atresia	false	
OMIA:000087	Atresia intestinal	DOID:10486	intestinal atresia	true	
OMIA:000089	Atrial septal defect	DOID:1882	atrial heart septal defect	false	
OMIA:000089	Atrial septal defect	DOID:1882	atrial heart septal defect	true	
OMIA:000091	Atrophic rhinitis	DOID:4731	atrophic rhinitis	false	
OMIA:000091	Atrophic rhinitis	DOID:4731	atrophic rhinitis	true	
OMIA:000095	Autoimmune thrombocytopenia	DOID:1587	thrombocytopenia due to platelet alloimmunization	false	
OMIA:000095	Autoimmune thrombocytopenia	DOID:1587	thrombocytopenia due to platelet alloimmunization	true	
OMIA:000105	Osteoporosis	DOID:11476	osteoporosis	false	
OMIA:000105	Osteoporosis	DOID:11476	osteoporosis	true	
OMIA:000114	Blindness	DOID:1432	blindness	false	
OMIA:000114	Blindness	DOID:1432	blindness	true	
OMIA:000146	Brachydactyly	DOID:0050581	brachydactyly	false	
OMIA:000146	Brachydactyly	DOID:0050581	brachydactyly	true	
OMIA:000155	C3 deficiency	DOID:8354	complement component 3 deficiency	false	
OMIA:000155	C3 deficiency	DOID:8354	complement component 3 deficiency	true	
OMIA:000160	Cardiomyopathy	DOID:0050700	cardiomyopathy	false	
OMIA:000160	Cardiomyopathy	DOID:0050700	cardiomyopathy	true	
OMIA:000162	Cardiomyopathy, dilated	DOID:12930	dilated cardiomyopathy	false	
OMIA:000162	Cardiomyopathy, dilated	DOID:12930	dilated cardiomyopathy	true	
OMIA:000162-9615	Dilated cardiomyopathy	DOID:12930	dilated cardiomyopathy	false	
OMIA:000162-9615	Dilated cardiomyopathy	DOID:12930	dilated cardiomyopathy	true	
OMIA:000170	Cauda equina syndrome	DOID:11577	Cauda equina syndrome	false	
OMIA:000170	Cauda equina syndrome	DOID:11577	Cauda equina syndrome	true	
OMIA:000172	Central core myopathy	DOID:3529	central core myopathy	false	
OMIA:000172	Central core myopathy	DOID:3529	central core myopathy	true	
OMIA:000178	Cerebellar disease	DOID:2786	cerebellar disease	false	
OMIA:000178	Cerebellar disease	DOID:2786	cerebellar disease	true	
OMIA:000181-9615	Neuronal ceroid lipofuscinosis	DOID:14503	neuronal ceroid lipofuscinosis	false	
OMIA:000181-9615	Neuronal ceroid lipofuscinosis	DOID:14503	neuronal ceroid lipofuscinosis	true	
OMIA:000181-9685	neuronal ceroid lipofuscinosis	DOID:14503	neuronal ceroid lipofuscinosis	false	
OMIA:000181-9685	neuronal ceroid lipofuscinosis	DOID:14503	neuronal ceroid lipofuscinosis	true	
OMIA:000181-9796	Neuronal ceroid lipofuscinosis	DOID:14503	neuronal ceroid lipofuscinosis	false	
OMIA:000181-9796	Neuronal ceroid lipofuscinosis	DOID:14503	neuronal ceroid lipofuscinosis	true	
OMIA:000181-9913	Neuronal ceroid lipofuscinosis	DOID:14503	neuronal ceroid lipofuscinosis	false	
OMIA:000181-9913	Neuronal ceroid lipofuscinosis	DOID:14503	neuronal ceroid lipofuscinosis	true	
OMIA:000181-9925	neuronal ceroid lipofuscinosis	DOID:14503	neuronal ceroid lipofuscinosis	false	
OMIA:000181-9925	neuronal ceroid lipofuscinosis	DOID:14503	neuronal ceroid lipofuscinosis	true	
OMIA:000181-9940	Neuronal ceroid lipofuscinosis	DOID:14503	neuronal ceroid lipofuscinosis	false	
OMIA:000181-9940	Neuronal ceroid lipofuscinosis	DOID:14503	neuronal ceroid lipofuscinosis	true	
OMIA:000185	Chediak-Higashi syndrome	DOID:2935	Chediak-Higashi syndrome	false	
OMIA:000185	Chediak-Higashi syndrome	DOID:2935	Chediak-Higashi syndrome	true	
OMIA:000189	Chondrodystrophy	DOID:2256	osteochondrodysplasia	false	
OMIA:000189	Chondrodystrophy	DOID:2256	osteochondrodysplasia	true	
OMIA:000197	Cleft palate	DOID:674	cleft palate	false	
OMIA:000197	Cleft palate	DOID:674	cleft palate	true	
OMIA:000219	Coloboma	DOID:12270	coloboma	false	
OMIA:000219	Coloboma	DOID:12270	coloboma	true	
OMIA:000220-9615	Combined immunodeficiency disease	DOID:628	combined T cell and B cell immunodeficiency	false	
OMIA:000220-9796	Combined immunodeficiency disease	DOID:628	combined T cell and B cell immunodeficiency	false	
OMIA:000230	Corneal dystrophy	DOID:2566	corneal dystrophy	false	
OMIA:000230	Corneal dystrophy	DOID:2566	corneal dystrophy	true	
OMIA:000240	Crest	DOID:0060218	CREST syndrome	false	
OMIA:000240	Crest	DOID:0060218	CREST syndrome	true	
OMIA:000243	Cryptorchidism	DOID:11383	cryptorchidism	false	
OMIA:000243	Cryptorchidism	DOID:11383	cryptorchidism	true	
OMIA:000247	Cushing disease	DOID:12252	Cushing's syndrome	false	
OMIA:000248	Neutropenia, cyclic	DOID:5339	cyclic hematopoiesis	true	
OMIA:000258	Dandy-Walker syndrome	DOID:2785	Dandy-Walker syndrome	false	
OMIA:000258	Dandy-Walker syndrome	DOID:2785	Dandy-Walker syndrome	true	
OMIA:000269	Dermatitis, atopic	DOID:3310	atopic dermatitis	false	
OMIA:000269	Dermatitis, atopic	DOID:3310	atopic dermatitis	true	
OMIA:000270	Dermatomyositis	DOID:10223	dermatomyositis	false	
OMIA:000270	Dermatomyositis	DOID:10223	dermatomyositis	true	
OMIA:000271-9825	Club foot	DOID:11836	clubfoot	false	
OMIA:000271-9825	Club foot	DOID:11836	clubfoot	true	
OMIA:000275	Retinal detachment	DOID:5327	retinal detachment	false	
OMIA:000275	Retinal detachment	DOID:5327	retinal detachment	true	
OMIA:000278	Diabetes insipidus	DOID:9409	diabetes insipidus	false	
OMIA:000278	Diabetes insipidus	DOID:9409	diabetes insipidus	true	
OMIA:000279	Diabetes mellitus	DOID:9351	diabetes mellitus	false	
OMIA:000279	Diabetes mellitus	DOID:9351	diabetes mellitus	true	
OMIA:000283	Diabetes mellitus, type I	DOID:9744	type 1 diabetes mellitus	false	
OMIA:000283	Diabetes mellitus, type I	DOID:9744	type 1 diabetes mellitus	true	
OMIA:000284	Diabetes mellitus, type II	DOID:9352	type 2 diabetes mellitus	false	
OMIA:000284	Diabetes mellitus, type II	DOID:9352	type 2 diabetes mellitus	true	
OMIA:000312	Dysautonomia	DOID:11589	Riley-Day syndrome	false	
OMIA:000312	Dysautonomia	DOID:11589	Riley-Day syndrome	true	
OMIA:000325	Ectropion	DOID:1570	ectropion	false	
OMIA:000325	Ectropion	DOID:1570	ectropion	true	
OMIA:000327	Ehlers-Danlos syndrome	DOID:13359	Ehlers-Danlos syndrome	false	
OMIA:000327	Ehlers-Danlos syndrome	DOID:13359	Ehlers-Danlos syndrome	true	
OMIA:000337	Entropion	DOID:12397	entropion	false	
OMIA:000337	Entropion	DOID:12397	entropion	true	
OMIA:000340	Epidermolysis bullosa	DOID:2730	epidermolysis bullosa	false	
OMIA:000340	Epidermolysis bullosa	DOID:2730	epidermolysis bullosa	true	
OMIA:000341	Epidermolysis bullosa, dystrophic	DOID:4959	epidermolysis bullosa dystrophica	false	
OMIA:000341	Epidermolysis bullosa, dystrophic	DOID:4959	epidermolysis bullosa dystrophica	true	
OMIA:000344	Epilepsy	DOID:1826	epilepsy syndrome	false	
OMIA:000344	Epilepsy	DOID:1826	epilepsy syndrome	true	
OMIA:000361	Factor VII deficiency	DOID:2215	factor VII deficiency	false	
OMIA:000361	Factor VII deficiency	DOID:2215	factor VII deficiency	true	
OMIA:000362	Factor X deficiency	DOID:2222	factor X deficiency	false	
OMIA:000362	Factor X deficiency	DOID:2222	factor X deficiency	true	
OMIA:000363	Factor XI deficiency	DOID:2229	factor XI deficiency	false	
OMIA:000363	Factor XI deficiency	DOID:2229	factor XI deficiency	true	
OMIA:000364	Factor XII deficiency	DOID:2231	factor XII deficiency	false	
OMIA:000364	Factor XII deficiency	DOID:2231	factor XII deficiency	true	
OMIA:000366	Fanconi syndrome	DOID:1062	Fanconi syndrome	false	
OMIA:000366	Fanconi syndrome	DOID:1062	Fanconi syndrome	true	
OMIA:000391	Fragile X	DOID:14261	fragile X syndrome	false	
OMIA:000393	Freemartin	DOID:4671	freemartinism	true	
OMIA:000401	Gangliosidosis	DOID:2368	gangliosidosis	false	
OMIA:000401	Gangliosidosis	DOID:2368	gangliosidosis	true	
OMIA:000402	Gangliosidosis, GM1	DOID:3322	gangliosidosis GM1	false	
OMIA:000402	Gangliosidosis, GM1	DOID:3322	gangliosidosis GM1	true	
OMIA:000409	Gingival hypertrophy	DOID:5338	gingival hypertrophy	false	
OMIA:000409	Gingival hypertrophy	DOID:5338	gingival hypertrophy	true	
OMIA:000413	Glomerulonephritis	DOID:2921	glomerulonephritis	false	
OMIA:000413	Glomerulonephritis	DOID:2921	glomerulonephritis	true	
OMIA:000416	Glucose-6-phosphate dehydrogenase deficiency	DOID:13628	glucose-6-phosphate dehydrogenase deficiency	false	
OMIA:000416	Glucose-6-phosphate dehydrogenase deficiency	DOID:13628	glucose-6-phosphate dehydrogenase deficiency	true	
OMIA:000416	Glucose-6-phosphate dehydrogenase deficiency	DOID:2862	glucosephosphate dehydrogenase deficiency	false	
OMIA:000416	Glucose-6-phosphate dehydrogenase deficiency	DOID:2862	glucosephosphate dehydrogenase deficiency	true	
OMIA:000419	Glycogen storage disease II	DOID:2752	glycogen storage disease II	false	
OMIA:000419	Glycogen storage disease II	DOID:2752	glycogen storage disease II	true	
OMIA:000420	Glycogen storage disease IV	DOID:2750	glycogen storage disease IV	false	
OMIA:000420	Glycogen storage disease IV	DOID:2750	glycogen storage disease IV	true	
OMIA:000421	Glycogen storage disease VII	DOID:11721	glycogen storage disease VII	false	
OMIA:000421	Glycogen storage disease VII	DOID:11721	glycogen storage disease VII	true	
OMIA:000424	Goitre, familial	DOID:12176	goiter	false	
OMIA:000428	Haemochromatosis	DOID:2352	hemochromatosis	false	
OMIA:000428	Haemochromatosis	DOID:2352	hemochromatosis	true	
OMIA:000432	Haemolytic anaemia, autoimmune	DOID:718	autoimmune hemolytic anemia	false	
OMIA:000432	Haemolytic anaemia, autoimmune	DOID:718	autoimmune hemolytic anemia	true	
OMIA:000444	Harelip	DOID:9296	cleft lip	false	
OMIA:000444	Harelip	DOID:9296	cleft lip	true	
OMIA:000446	Heart defect, congenital	DOID:1682	congenital heart disease	false	
OMIA:000446	Heart defect, congenital	DOID:1682	congenital heart disease	true	
OMIA:000453	Hepatic encephalopathy	DOID:13413	hepatic encephalopathy	false	
OMIA:000453	Hepatic encephalopathy	DOID:13413	hepatic encephalopathy	true	
OMIA:000459	Hernia, diaphragmatic	DOID:3827	congenital diaphragmatic hernia	false	
OMIA:000459	Hernia, diaphragmatic	DOID:3827	congenital diaphragmatic hernia	true	
OMIA:000461	Hernia, hiatal	DOID:12642	hiatus hernia	false	
OMIA:000461	Hernia, hiatal	DOID:12642	hiatus hernia	true	
OMIA:000462	Hernia, inguinal	DOID:0060320	inguinal hernia	false	
OMIA:000462	Hernia, inguinal	DOID:0060320	inguinal hernia	true	
OMIA:000465	Hernia, umbilical	DOID:0060321	umbilical hernia	false	
OMIA:000465	Hernia, umbilical	DOID:0060321	umbilical hernia	true	
OMIA:000476	Hodgkin disease	DOID:8567	Hodgkin's lymphoma	false	
OMIA:000476	Hodgkin disease	DOID:8567	Hodgkin's lymphoma	true	
OMIA:000478	Holoprosencephaly	DOID:4621	holoprosencephaly	false	
OMIA:000478	Holoprosencephaly	DOID:4621	holoprosencephaly	true	
OMIA:000485	Huntington disease	DOID:12858	Huntington's disease	false	
OMIA:000485	Huntington disease	DOID:12858	Huntington's disease	true	
OMIA:000486	Hydranencephaly	DOID:4626	hydranencephaly	false	
OMIA:000486	Hydranencephaly	DOID:4626	hydranencephaly	true	
OMIA:000487	Hydrocephalus	DOID:10908	hydrocephalus	false	
OMIA:000487	Hydrocephalus	DOID:10908	hydrocephalus	true	
OMIA:000507	Hyperostosis	DOID:205	hyperostosis	false	
OMIA:000507	Hyperostosis	DOID:205	hyperostosis	true	
OMIA:000508	Hyperparathyroidism	DOID:13543	hyperparathyroidism	false	
OMIA:000508	Hyperparathyroidism	DOID:13543	hyperparathyroidism	true	
OMIA:000509	Hypertension	DOID:10763	hypertension	false	
OMIA:000509	Hypertension	DOID:10763	hypertension	true	
OMIA:000510	Hypertension, essential	DOID:10825	essential hypertension	false	
OMIA:000510	Hypertension, essential	DOID:10825	essential hypertension	true	
OMIA:000511	Hyperthyroidism	DOID:7998	hyperthyroidism	false	
OMIA:000511	Hyperthyroidism	DOID:7998	hyperthyroidism	true	
OMIA:000513	Hypertrichosis	DOID:420	hypertrichosis	false	
OMIA:000513	Hypertrichosis	DOID:420	hypertrichosis	true	
OMIA:000515	Cardiomyopathy, hypertrophic	DOID:11984	hypertrophic cardiomyopathy	false	
OMIA:000515	Cardiomyopathy, hypertrophic	DOID:11984	hypertrophic cardiomyopathy	true	
OMIA:000519	Hypoadrenocorticism	DOID:13774	Addison's disease	false	
OMIA:000519	Hypoadrenocorticism	DOID:13774	Addison's disease	true	
OMIA:000522	Hypogonadism	DOID:1924	hypogonadism	false	
OMIA:000522	Hypogonadism	DOID:1924	hypogonadism	true	
OMIA:000523	Periodic paralysis I	DOID:14452	hypokalemic periodic paralysis	false	
OMIA:000523	Periodic paralysis I	DOID:14452	hypokalemic periodic paralysis	true	
OMIA:000528	Hypoparathyroidism	DOID:11199	hypoparathyroidism	false	
OMIA:000528	Hypoparathyroidism	DOID:11199	hypoparathyroidism	true	
OMIA:000536	Hypothyroidism	DOID:1459	hypothyroidism	false	
OMIA:000536	Hypothyroidism	DOID:1459	hypothyroidism	true	
OMIA:000540	Hypotrichosis	DOID:4535	hypotrichosis	false	
OMIA:000540	Hypotrichosis	DOID:4535	hypotrichosis	true	
OMIA:000550	Immunodeficiency	DOID:612	primary immunodeficiency disease	false	
OMIA:000558	Imperforate anus	DOID:10488	imperforate anus	false	
OMIA:000558	Imperforate anus	DOID:10488	imperforate anus	true	
OMIA:000562	Infertility	DOID:5223	infertility	false	
OMIA:000562	Infertility	DOID:5223	infertility	true	
OMIA:000573	Kartagener syndrome	DOID:0050144	Kartagener syndrome	false	
OMIA:000573	Kartagener syndrome	DOID:0050144	Kartagener syndrome	true	
OMIA:000578	Krabbe disease	DOID:10587	Krabbe disease	false	
OMIA:000578	Krabbe disease	DOID:10587	Krabbe disease	true	
OMIA:000578-9615	globoid cell leukodystrophy	DOID:10587	Krabbe disease	false	
OMIA:000578-9615	globoid cell leukodystrophy	DOID:10587	Krabbe disease	true	
OMIA:000593	Acrodermatitis enteropathica	DOID:0050605	acrodermatitis enteropathica	false	
OMIA:000593	Acrodermatitis enteropathica	DOID:0050605	acrodermatitis enteropathica	true	
OMIA:000605	Lipidosis, hepatic	DOID:9452	fatty liver disease	false	
OMIA:000605	Lipidosis, hepatic	DOID:9452	fatty liver disease	true	
OMIA:000606	Lipomatosis, multiple	DOID:3315	lipoma	false	
OMIA:000606	Lipomatosis, multiple	DOID:3315	lipoma	true	
OMIA:000615	Lymphosarcoma	DOID:8675	lymphosarcoma	false	
OMIA:000615	Lymphosarcoma	DOID:8675	lymphosarcoma	true	
OMIA:000616	Lysosomal storage disease	DOID:3211	lysosomal storage disease	false	
OMIA:000616	Lysosomal storage disease	DOID:3211	lysosomal storage disease	true	
OMIA:000619	Macular degeneration	DOID:4448	macular degeneration	false	
OMIA:000619	Macular degeneration	DOID:4448	macular degeneration	true	
OMIA:000620	Histiocytosis, malignant	DOID:8580	malignant histiocytosis	false	
OMIA:000620	Histiocytosis, malignant	DOID:8580	malignant histiocytosis	true	
OMIA:000621	Malignant hyperthermia	DOID:8545	malignant hyperthermia	false	
OMIA:000621	Malignant hyperthermia	DOID:8545	malignant hyperthermia	true	
OMIA:000625	Mannosidosis, alpha	DOID:3413	alpha-mannosidosis	false	
OMIA:000625	Mannosidosis, alpha	DOID:3413	alpha-mannosidosis	true	
OMIA:000626	Mannosidosis, beta	DOID:3633	beta-mannosidosis	false	
OMIA:000626	Mannosidosis, beta	DOID:3633	beta-mannosidosis	true	
OMIA:000627	Maple syrup urine disease	DOID:9269	maple syrup urine disease	false	
OMIA:000627	Maple syrup urine disease	DOID:9269	maple syrup urine disease	true	
OMIA:000628	Marfan syndrome	DOID:14323	Marfan syndrome	false	
OMIA:000628	Marfan syndrome	DOID:14323	Marfan syndrome	true	
OMIA:000628-9913	Marfan Syndrome	DOID:14323	Marfan syndrome	false	
OMIA:000628-9913	Marfan Syndrome	DOID:14323	Marfan syndrome	true	
OMIA:000629	Megacolon	DOID:11372	megacolon	false	
OMIA:000629	Megacolon	DOID:11372	megacolon	true	
OMIA:000640	Menkes syndrome	DOID:1838	Menkes disease	false	
OMIA:000645	Microcephaly	DOID:10907	microcephaly	false	
OMIA:000645	Microcephaly	DOID:10907	microcephaly	true	
OMIA:000649	Microphthalmia	DOID:10629	microphthalmia	false	
OMIA:000649	Microphthalmia	DOID:10629	microphthalmia	true	
OMIA:000653	Mitral stenosis	DOID:1754	mitral valve stenosis	false	
OMIA:000653	Mitral stenosis	DOID:1754	mitral valve stenosis	true	
OMIA:000654	Mitral valve disease	DOID:61	mitral valve disease	false	
OMIA:000654	Mitral valve disease	DOID:61	mitral valve disease	true	
OMIA:000655	Mitral valve stenosis	DOID:1754	mitral valve stenosis	false	
OMIA:000655	Mitral valve stenosis	DOID:1754	mitral valve stenosis	true	
OMIA:000664	Mucopolysaccharidosis I	DOID:12802	mucopolysaccharidosis I	false	
OMIA:000664	Mucopolysaccharidosis I	DOID:12802	mucopolysaccharidosis I	true	
OMIA:000664-9615	Mucopolysaccharidosis I	DOID:12802	mucopolysaccharidosis I	false	
OMIA:000664-9615	Mucopolysaccharidosis I	DOID:12802	mucopolysaccharidosis I	true	
OMIA:000666	Mucopolysaccharidosis VI	DOID:12800	mucopolysaccharidosis VI	false	
OMIA:000666	Mucopolysaccharidosis VI	DOID:12800	mucopolysaccharidosis VI	true	
OMIA:000667	Mucopolysaccharidosis VII	DOID:12803	Sly syndrome	false	
OMIA:000667	Mucopolysaccharidosis VII	DOID:12803	Sly syndrome	true	
OMIA:000670	Multiple sclerosis	DOID:2377	multiple sclerosis	false	
OMIA:000670	Multiple sclerosis	DOID:2377	multiple sclerosis	true	
OMIA:000679	Muscular dystrophy	DOID:9884	muscular dystrophy	false	
OMIA:000679	Muscular dystrophy	DOID:9884	muscular dystrophy	true	
OMIA:000684	Myasthenia gravis	DOID:437	myasthenia gravis	false	
OMIA:000684	Myasthenia gravis	DOID:437	myasthenia gravis	true	
OMIA:000685	Myasthenic syndrome, congenital	DOID:3635	congenital myasthenic syndrome	false	
OMIA:000685	Myasthenic syndrome, congenital	DOID:3635	congenital myasthenic syndrome	true	
OMIA:000685-9615	Congenital myasthenic syndrome	DOID:3635	congenital myasthenic syndrome	false	
OMIA:000685-9615	Congenital myasthenic syndrome	DOID:3635	congenital myasthenic syndrome	true	
OMIA:000693	Myopathy	DOID:423	myopathy	false	
OMIA:000693	Myopathy	DOID:423	myopathy	true	
OMIA:000694	Myopathy, congenital	DOID:0080100	congenital myopathy	false	
OMIA:000694	Myopathy, congenital	DOID:0080100	congenital myopathy	true	
OMIA:000695	Myopathy, mitochondrial	DOID:699	mitochondrial myopathy	false	
OMIA:000695	Myopathy, mitochondrial	DOID:699	mitochondrial myopathy	true	
OMIA:000697	Myositis ossificans	DOID:668	myositis ossificans	false	
OMIA:000697	Myositis ossificans	DOID:668	myositis ossificans	true	
OMIA:000703	Narcolepsy	DOID:8986	narcolepsy	false	
OMIA:000703	Narcolepsy	DOID:8986	narcolepsy	true	
OMIA:000708	Nephritis	DOID:10952	nephritis	false	
OMIA:000708	Nephritis	DOID:10952	nephritis	true	
OMIA:000709	Nephrolithiasis	DOID:585	nephrolithiasis	false	
OMIA:000709	Nephrolithiasis	DOID:585	nephrolithiasis	true	
OMIA:000710	Nephropathy	DOID:557	kidney disease	false	
OMIA:000710	Nephropathy	DOID:557	kidney disease	true	
OMIA:000712	Nephrotic syndrome	DOID:1184	nephrotic syndrome	false	
OMIA:000712	Nephrotic syndrome	DOID:1184	nephrotic syndrome	true	
OMIA:000712	Nephrotic syndrome	DOID:2590	familial nephrotic syndrome	false	
OMIA:000713	Nervous	DOID:863	nervous system disease	false	
OMIA:000715	Neuroaxonal dystrophy	DOID:2367	neuroaxonal dystrophy	false	
OMIA:000715	Neuroaxonal dystrophy	DOID:2367	neuroaxonal dystrophy	true	
OMIA:000716	Neurofibromatosis	DOID:8712	neurofibromatosis	false	
OMIA:000716	Neurofibromatosis	DOID:8712	neurofibromatosis	true	
OMIA:000724	Niemann-Pick disease	DOID:14504	Niemann-Pick disease	false	
OMIA:000724	Niemann-Pick disease	DOID:14504	Niemann-Pick disease	true	
OMIA:000725	Niemann-Pick disease, type C	DOID:14504	Niemann-Pick disease	false	
OMIA:000725	Niemann-Pick disease, type C	DOID:14504	Niemann-Pick disease	true	
OMIA:000731	Nystagmus, congenital	DOID:9649	congenital nystagmus	false	
OMIA:000731	Nystagmus, congenital	DOID:9649	congenital nystagmus	true	
OMIA:000740	Olivopontocerebellar atrophy	DOID:14784	olivopontocerebellar atrophy	false	
OMIA:000740	Olivopontocerebellar atrophy	DOID:14784	olivopontocerebellar atrophy	true	
OMIA:000741	Omphalocele	DOID:0060327	omphalocele	false	
OMIA:000741	Omphalocele	DOID:0060327	omphalocele	true	
OMIA:000745	Orchitis	DOID:2518	orchitis	false	
OMIA:000745	Orchitis	DOID:2518	orchitis	true	
OMIA:000747	Osteoarthritis	DOID:8398	osteoarthritis	false	
OMIA:000747	Osteoarthritis	DOID:8398	osteoarthritis	true	
OMIA:000748	Osteochondritis dissecans	DOID:84	osteochondritis dissecans	false	
OMIA:000748	Osteochondritis dissecans	DOID:84	osteochondritis dissecans	true	
OMIA:000750	Osteochondrosis	DOID:8125	osteochondrosis	false	
OMIA:000750	Osteochondrosis	DOID:8125	osteochondrosis	true	
OMIA:000754	Osteogenesis imperfecta	DOID:12347	osteogenesis imperfecta	false	
OMIA:000754	Osteogenesis imperfecta	DOID:12347	osteogenesis imperfecta	true	
OMIA:000755	Osteopetrosis	DOID:13533	osteopetrosis	false	
OMIA:000755	Osteopetrosis	DOID:13533	osteopetrosis	true	
OMIA:000765	Pancreatic insufficiency, exocrine	DOID:13316	exocrine pancreatic insufficiency	false	
OMIA:000765	Pancreatic insufficiency, exocrine	DOID:13316	exocrine pancreatic insufficiency	true	
OMIA:000779	Patent ductus arteriosus	DOID:13832	patent ductus arteriosus	false	
OMIA:000779	Patent ductus arteriosus	DOID:13832	patent ductus arteriosus	true	
OMIA:000783	Pelger-Huet anomaly	DOID:9631	Pelger-Huet anomaly	false	
OMIA:000783	Pelger-Huet anomaly	DOID:9631	Pelger-Huet anomaly	true	
OMIA:000791	Persistent Mullerian duct syndrome	DOID:0050791	persistent mullerian duct syndrome	false	
OMIA:000791	Persistent Mullerian duct syndrome	DOID:0050791	persistent mullerian duct syndrome	true	
OMIA:000791-9615	Persistent Mullerian Duct Syndrome	DOID:0050791	persistent mullerian duct syndrome	false	
OMIA:000791-9615	Persistent Mullerian Duct Syndrome	DOID:0050791	persistent mullerian duct syndrome	true	
OMIA:000801	Pityriasis rosea	DOID:8892	pityriasis rosea	false	
OMIA:000801	Pityriasis rosea	DOID:8892	pityriasis rosea	true	
OMIA:000802	Platelet disorder	DOID:2218	blood platelet disease	false	
OMIA:000802	Platelet disorder	DOID:2218	blood platelet disease	true	
OMIA:000804	Pneumothorax	DOID:1673	pneumothorax	false	
OMIA:000804	Pneumothorax	DOID:1673	pneumothorax	true	
OMIA:000807	Polycystic kidney disease	DOID:898	polycystic kidney disease	false	
OMIA:000807	Polycystic kidney disease	DOID:898	polycystic kidney disease	true	
OMIA:000809	Polycythemia	DOID:8432	polycythemia	false	
OMIA:000809	Polycythemia	DOID:8432	polycythemia	true	
OMIA:000810	Polydactyly	DOID:1148	polydactyly	false	
OMIA:000810	Polydactyly	DOID:1148	polydactyly	true	
OMIA:000835	Protein C deficiency	DOID:3756	protein C deficiency	false	
OMIA:000835	Protein C deficiency	DOID:3756	protein C deficiency	true	
OMIA:000836	Protoporphyria	DOID:13270	erythropoietic protoporphyria	false	
OMIA:000836	Protoporphyria	DOID:13270	erythropoietic protoporphyria	true	
OMIA:000841	Pulmonary hypertension	DOID:6432	pulmonary hypertension	false	
OMIA:000841	Pulmonary hypertension	DOID:6432	pulmonary hypertension	true	
OMIA:000843	Pyloric stenosis	DOID:12639	pyloric stenosis	false	
OMIA:000843	Pyloric stenosis	DOID:12639	pyloric stenosis	true	
OMIA:000866	Retinal degeneration	DOID:8466	retinal degeneration	false	
OMIA:000866	Retinal degeneration	DOID:8466	retinal degeneration	true	
OMIA:000869	Retinal dystrophy	DOID:8501	fundus dystrophy	false	
OMIA:000869	Retinal dystrophy	DOID:8501	fundus dystrophy	true	
OMIA:000878	Arrhythmogenic right ventricular cardiomyopathy	DOID:0050431	arrhythmogenic right ventricular cardiomyopathy	false	
OMIA:000878	Arrhythmogenic right ventricular cardiomyopathy	DOID:0050431	arrhythmogenic right ventricular cardiomyopathy	true	
OMIA:000878-9615	Arrhythmogenic right ventricular cardiomyopathy	DOID:0050431	arrhythmogenic right ventricular cardiomyopathy	false	
OMIA:000878-9615	Arrhythmogenic right ventricular cardiomyopathy	DOID:0050431	arrhythmogenic right ventricular cardiomyopathy	true	
OMIA:000891	Scoliosis	DOID:0060249	scoliosis	false	
OMIA:000891	Scoliosis	DOID:0060249	scoliosis	true	
OMIA:000899	Severe combined immunodeficiency disease, X-linked	DOID:0060013	gamma chain deficiency	false	
OMIA:000933	Spina bifida	DOID:0080016	spina bifida	false	
OMIA:000933	Spina bifida	DOID:0080016	spina bifida	true	
OMIA:000934	Spina bifida occulta	DOID:0080073	spina bifida occulta	false	
OMIA:000934	Spina bifida occulta	DOID:0080073	spina bifida occulta	true	
OMIA:000938	Spinal dysraphism	DOID:1089	tethered spinal cord syndrome	false	
OMIA:000938	Spinal dysraphism	DOID:1089	tethered spinal cord syndrome	true	
OMIA:000939	Spinal muscular atrophy	DOID:12376	juvenile spinal muscular atrophy	false	
OMIA:000939	Spinal muscular atrophy	DOID:12377	spinal muscular atrophy	false	
OMIA:000939	Spinal muscular atrophy	DOID:12377	spinal muscular atrophy	true	
OMIA:000944	Spongiform encephalopathy	DOID:649	prion disease	false	
OMIA:000944	Spongiform encephalopathy	DOID:649	prion disease	true	
OMIA:000944-452646	Scrapie	DOID:5434	scrapie	false	
OMIA:000944-452646	Scrapie	DOID:5434	scrapie	true	
OMIA:000944-9925	Scrapie	DOID:5434	scrapie	false	
OMIA:000944-9925	Scrapie	DOID:5434	scrapie	true	
OMIA:000944-9940	Scrapie	DOID:5434	scrapie	false	
OMIA:000944-9940	Scrapie	DOID:5434	scrapie	true	
OMIA:000947	Stenosis, spinal	DOID:6725	spinal stenosis	false	
OMIA:000947	Stenosis, spinal	DOID:6725	spinal stenosis	true	
OMIA:000949	Strabismus	DOID:540	strabismus	false	
OMIA:000949	Strabismus	DOID:540	strabismus	true	
OMIA:000954	Subvalvular pulmonary stenosis	DOID:8861	pulmonary subvalvular stenosis	false	
OMIA:000954	Subvalvular pulmonary stenosis	DOID:8861	pulmonary subvalvular stenosis	true	
OMIA:000960	Supravalvular aortic stenosis	DOID:1929	supravalvular aortic stenosis	false	
OMIA:000960	Supravalvular aortic stenosis	DOID:1929	supravalvular aortic stenosis	true	
OMIA:000961	Swayback	DOID:5112	swayback	false	
OMIA:000961	Swayback	DOID:5112	swayback	true	
OMIA:000965	Syringomyelia	DOID:327	syringomyelia	false	
OMIA:000965	Syringomyelia	DOID:327	syringomyelia	true	
OMIA:000967	Systemic hypertension	DOID:10763	hypertension	true	
OMIA:000968	Systemic lupus erythematosus	DOID:8857	lupus erythematosus	true	
OMIA:000968	Systemic lupus erythematosus	DOID:9074	systemic lupus erythematosus	false	
OMIA:000968	Systemic lupus erythematosus	DOID:9074	systemic lupus erythematosus	true	
OMIA:000994	Tetralogy of fallot	DOID:6419	tetralogy of Fallot	false	
OMIA:000994	Tetralogy of fallot	DOID:6419	tetralogy of Fallot	true	
OMIA:001002	Thrombocytopathy	DOID:2218	blood platelet disease	false	
OMIA:001002	Thrombocytopathy	DOID:2218	blood platelet disease	true	
OMIA:001005	Thyroiditis	DOID:7166	thyroiditis	false	
OMIA:001005	Thyroiditis	DOID:7166	thyroiditis	true	
OMIA:001021	Tricuspid stenosis	DOID:4078	tricuspid valve stenosis	false	
OMIA:001021	Tricuspid stenosis	DOID:4078	tricuspid valve stenosis	true	
OMIA:001041	Ventricular septal defect	DOID:1657	ventricular septal defect	false	
OMIA:001041	Ventricular septal defect	DOID:1657	ventricular septal defect	true	
OMIA:001055	Vitiligo	DOID:12306	vitiligo	false	
OMIA:001055	Vitiligo	DOID:12306	vitiligo	true	
OMIA:001071	Wilson disease	DOID:893	Wilson disease	false	
OMIA:001071	Wilson disease	DOID:893	Wilson disease	true	
OMIA:001081	Muscular dystrophy, Duchenne type	DOID:11723	Duchenne muscular dystrophy	false	
OMIA:001081	Muscular dystrophy, Duchenne type	DOID:11723	Duchenne muscular dystrophy	true	
OMIA:001087	Anaemia	DOID:2355	anemia	false	
OMIA:001087	Anaemia	DOID:2355	anemia	true	
OMIA:001102	Situs inversus	DOID:758	situs inversus	false	
OMIA:001102	Situs inversus	DOID:758	situs inversus	true	
OMIA:001104	Thrombocytopenic purpura, autoimmune	DOID:8924	autoimmune thrombocytopenic purpura	false	
OMIA:001104	Thrombocytopenic purpura, autoimmune	DOID:8924	autoimmune thrombocytopenic purpura	true	
OMIA:001109	Mycosis fungoides	DOID:8691	mycosis fungoides	false	
OMIA:001109	Mycosis fungoides	DOID:8691	mycosis fungoides	true	
OMIA:001110	Otitis externa, susceptibility to	DOID:9463	otitis externa	false	
OMIA:001112-9615	Alport syndrome	DOID:10983	Alport syndrome	false	
OMIA:001112-9615	Alport syndrome	DOID:10983	Alport syndrome	true	
OMIA:001127	Otocephaly	DOID:0060341	agnathia-otocephaly complex	false	
OMIA:001127	Otocephaly	DOID:0060341	agnathia-otocephaly complex	true	
OMIA:001131	Muscular dystrophy, Duchenne	DOID:11723	Duchenne muscular dystrophy	false	
OMIA:001131	Muscular dystrophy, Duchenne	DOID:11723	Duchenne muscular dystrophy	true	
OMIA:001139	Glycogen storage disease V	DOID:2746	glycogen storage disease V	false	
OMIA:001139	Glycogen storage disease V	DOID:2746	glycogen storage disease V	true	
OMIA:001139-9913	Myophosphorylase deficiency	DOID:2746	glycogen storage disease V	false	
OMIA:001139-9913	Myophosphorylase deficiency	DOID:2746	glycogen storage disease V	true	
OMIA:001141	Tyrosinemia, type II	DOID:0050725	tyrosinemia type II	false	
OMIA:001141	Tyrosinemia, type II	DOID:0050725	tyrosinemia type II	true	
OMIA:001144	Galactosemia	DOID:9870	galactosemia	false	
OMIA:001144	Galactosemia	DOID:9870	galactosemia	true	
OMIA:001150	Neuropathy, peripheral	DOID:0060053	peripheral neuropathy	false	
OMIA:001150	Neuropathy, peripheral	DOID:0060053	peripheral neuropathy	true	
OMIA:001160	Hyperlipidaemia	DOID:1168	familial hyperlipidemia	false	
OMIA:001160	Hyperlipidaemia	DOID:1168	familial hyperlipidemia	true	
OMIA:001162	Myelopathy	DOID:319	spinal cord disease	false	
OMIA:001162	Myelopathy	DOID:319	spinal cord disease	true	
OMIA:001165	Motor neuron disease	DOID:231	motor neuron disease	false	
OMIA:001165	Motor neuron disease	DOID:231	motor neuron disease	true	
OMIA:001166	Priapism	DOID:9286	priapism	false	
OMIA:001166	Priapism	DOID:9286	priapism	true	
OMIA:001176	Porphyria cutanea tarda	DOID:3132	porphyria cutanea tarda	false	
OMIA:001176	Porphyria cutanea tarda	DOID:3132	porphyria cutanea tarda	true	
OMIA:001181	Atrial fibrillation	DOID:0050650	familial atrial fibrillation	false	
OMIA:001181	Atrial fibrillation	DOID:0060224	atrial fibrillation	false	
OMIA:001181	Atrial fibrillation	DOID:0060224	atrial fibrillation	true	
OMIA:001185	Retinoschisis	DOID:8465	retinoschisis	false	
OMIA:001185	Retinoschisis	DOID:8465	retinoschisis	true	
OMIA:001186	Erythrocytosis	DOID:10780	primary polycythemia	false	
OMIA:001187	Hypospadias	DOID:10892	hypospadias	false	
OMIA:001187	Hypospadias	DOID:10892	hypospadias	true	
OMIA:001188	Pemphigus	DOID:9182	pemphigus	false	
OMIA:001188	Pemphigus	DOID:9182	pemphigus	true	
OMIA:001194	Wolff-Parkinson-White syndrome	DOID:384	Wolff-Parkinson-White syndrome	false	
OMIA:001194	Wolff-Parkinson-White syndrome	DOID:384	Wolff-Parkinson-White syndrome	true	
OMIA:001197	Horner syndrome	DOID:11486	Horner's syndrome	false	
OMIA:001197	Horner syndrome	DOID:11486	Horner's syndrome	true	
OMIA:001202	Scleroderma	DOID:418	systemic scleroderma	false	
OMIA:001202	Scleroderma	DOID:418	systemic scleroderma	true	
OMIA:001202	Scleroderma	DOID:419	scleroderma	false	
OMIA:001202	Scleroderma	DOID:419	scleroderma	true	
OMIA:001203	Budd-chiari syndrome	DOID:11512	hepatic vein thrombosis	false	
OMIA:001203	Budd-chiari syndrome	DOID:11512	hepatic vein thrombosis	true	
OMIA:001208	Alexander disease	DOID:4252	Alexander disease	false	
OMIA:001208	Alexander disease	DOID:4252	Alexander disease	true	
OMIA:001214	Osteochondromatosis	DOID:4624	Ollier disease	false	
OMIA:001214	Osteochondromatosis	DOID:4624	Ollier disease	true	
OMIA:001217	Meckel diverticulum	DOID:9487	Meckel's diverticulum	false	
OMIA:001217	Meckel diverticulum	DOID:9487	Meckel's diverticulum	true	
OMIA:001224	Craniosynostosis	DOID:2340	craniosynostosis	false	
OMIA:001224	Craniosynostosis	DOID:2340	craniosynostosis	true	
OMIA:001227	Intussusception	DOID:8446	intussusception	false	
OMIA:001227	Intussusception	DOID:8446	intussusception	true	
OMIA:001229	Haemophagocytic syndrome	DOID:0050120	hemophagocytic lymphohistiocytosis	false	
OMIA:001229	Haemophagocytic syndrome	DOID:0050120	hemophagocytic lymphohistiocytosis	true	
OMIA:001239	Epiphora	DOID:13757	excessive tearing	false	
OMIA:001239	Epiphora	DOID:13757	excessive tearing	true	
OMIA:001241	Oligodontia	DOID:0050591	tooth agenesis	false	
OMIA:001241	Oligodontia	DOID:0050591	tooth agenesis	true	
OMIA:001243	Alkaptonuria	DOID:9270	alkaptonuria	false	
OMIA:001243	Alkaptonuria	DOID:9270	alkaptonuria	true	
OMIA:001248	Mucolipidosis II	DOID:0080070	inclusion-cell disease	false	
OMIA:001248	Mucolipidosis II	DOID:0080070	inclusion-cell disease	true	
OMIA:001257	Renal cysts	DOID:2975	cystic kidney	true	
OMIA:001258	Obesity	DOID:9970	obesity	false	
OMIA:001258	Obesity	DOID:9970	obesity	true	
OMIA:001266	Otitis media, susceptibility to	DOID:10754	otitis media	false	
OMIA:001269	Hyperaldosteronism	DOID:446	hyperaldosteronism	false	
OMIA:001269	Hyperaldosteronism	DOID:446	hyperaldosteronism	true	
OMIA:001277	Otitis interna, susceptibility to	DOID:3930	otitis interna	false	
OMIA:001285	Mitochondrial myopathy	DOID:699	mitochondrial myopathy	false	
OMIA:001285	Mitochondrial myopathy	DOID:699	mitochondrial myopathy	true	
OMIA:001287	Keratitis	DOID:4677	keratitis	false	
OMIA:001287	Keratitis	DOID:4677	keratitis	true	
OMIA:001289	Urticaria pigmentosa	DOID:12309	urticaria pigmentosa	false	
OMIA:001289	Urticaria pigmentosa	DOID:12309	urticaria pigmentosa	true	
OMIA:001292	Polyneuropathy	DOID:1389	polyneuropathy	false	
OMIA:001292	Polyneuropathy	DOID:1389	polyneuropathy	true	
OMIA:001309	Mucopolysaccharidosis IIIA	DOID:12801	mucopolysaccharidosis III	false	
OMIA:001309	Mucopolysaccharidosis IIIA	DOID:12801	mucopolysaccharidosis III	true	
OMIA:001315	Osteochondrodysplasia	DOID:2256	osteochondrodysplasia	false	
OMIA:001315	Osteochondrodysplasia	DOID:2256	osteochondrodysplasia	true	
OMIA:001317	Mucopolysaccharidosis II	DOID:12799	mucopolysaccharidosis II	false	
OMIA:001317	Mucopolysaccharidosis II	DOID:12799	mucopolysaccharidosis II	true	
OMIA:001325	Protein-losing enteropathy	DOID:10611	protein-losing enteropathy	false	
OMIA:001325	Protein-losing enteropathy	DOID:10611	protein-losing enteropathy	true	
OMIA:001331	Eclampsia	DOID:13593	eclampsia	false	
OMIA:001331	Eclampsia	DOID:13593	eclampsia	true	
OMIA:001335-9615	Renal cancer syndrome	DOID:263	kidney cancer	false	
OMIA:001335-9615	Renal cancer syndrome	DOID:263	kidney cancer	true	
OMIA:001342	Mucopolysaccharidosis IIIB	DOID:12801	mucopolysaccharidosis III	false	
OMIA:001342	Mucopolysaccharidosis IIIB	DOID:12801	mucopolysaccharidosis III	true	
OMIA:001371	L-2-hydroxyglutaricacidemia	DOID:0050574	L-2-hydroxyglutaric aciduria	false	
OMIA:001371	L-2-hydroxyglutaricacidemia	DOID:0050574	L-2-hydroxyglutaric aciduria	true	
OMIA:001371-9615	L-2-hydroxyglutaric aciduria	DOID:0050574	L-2-hydroxyglutaric aciduria	false	
OMIA:001371-9615	L-2-hydroxyglutaric aciduria	DOID:0050574	L-2-hydroxyglutaric aciduria	true	
OMIA:001374	Myopathy, centronuclear	DOID:14717	centronuclear myopathy	false	
OMIA:001374	Myopathy, centronuclear	DOID:14717	centronuclear myopathy	true	
OMIA:001384	Pink eye	DOID:11213	acute contagious conjunctivitis	false	
OMIA:001384	Pink eye	DOID:11213	acute contagious conjunctivitis	true	
OMIA:001394	Diabetes mellitus, insulin-dependent	DOID:9744	type 1 diabetes mellitus	false	
OMIA:001394	Diabetes mellitus, insulin-dependent	DOID:9744	type 1 diabetes mellitus	true	
OMIA:001406	Pyruvate dehydrogenase deficiency	DOID:3649	pyruvate decarboxylase deficiency	false	
OMIA:001406	Pyruvate dehydrogenase deficiency	DOID:3649	pyruvate decarboxylase deficiency	true	
OMIA:001413	Retinitis pigmentosa	DOID:10584	retinitis pigmentosa	false	
OMIA:001413	Retinitis pigmentosa	DOID:10584	retinitis pigmentosa	true	
OMIA:001415	Hyperkeratosis, epidermolytic	DOID:4603	epidermolytic hyperkeratosis	false	
OMIA:001415	Hyperkeratosis, epidermolytic	DOID:4603	epidermolytic hyperkeratosis	true	
OMIA:001417	Pulmonary fibrosis, idiopathic	DOID:0050156	idiopathic pulmonary fibrosis	false	
OMIA:001417	Pulmonary fibrosis, idiopathic	DOID:0050156	idiopathic pulmonary fibrosis	true	
OMIA:001419	Aortic aneurysm, familial thoracic	DOID:14004	thoracic aortic aneurysm	false	
OMIA:001441	Osteosarcoma	DOID:3347	osteosarcoma	false	
OMIA:001441	Osteosarcoma	DOID:3347	osteosarcoma	true	
OMIA:001443-9940	Battens disease	DOID:0050756	Batten disease	true	
OMIA:001457	Multiple acyl-CoA dehydrogenase deficiency	DOID:0060358	multiple acyl-CoA dehydrogenase deficiency	false	
OMIA:001457	Multiple acyl-CoA dehydrogenase deficiency	DOID:0060358	multiple acyl-CoA dehydrogenase deficiency	true	
OMIA:001465	Arthrogryposis multiplex congenita	DOID:0050646	distal arthrogryposis	false	
OMIA:001465	Arthrogryposis multiplex congenita	DOID:0050646	distal arthrogryposis	true	
OMIA:001486	Night blindness, congenital stationary	DOID:0050534	congenital stationary night blindness	false	
OMIA:001486	Night blindness, congenital stationary	DOID:0050534	congenital stationary night blindness	true	
OMIA:001486-9796	Congenital stationary night blindness	DOID:0050534	congenital stationary night blindness	false	
OMIA:001486-9796	Congenital stationary night blindness	DOID:0050534	congenital stationary night blindness	true	
OMIA:001487	Myopia	DOID:11830	myopia	false	
OMIA:001487	Myopia	DOID:11830	myopia	true	
OMIA:001493	Porphyria, acute intermittent	DOID:3890	acute intermittent porphyria	false	
OMIA:001493	Porphyria, acute intermittent	DOID:3890	acute intermittent porphyria	true	
OMIA:001512	Transitional cell carcinoma	DOID:2671	transitional cell carcinoma	false	
OMIA:001512	Transitional cell carcinoma	DOID:2671	transitional cell carcinoma	true	
OMIA:001513	Chronic myelogenous leukemia	DOID:8552	chronic myeloid leukemia	false	
OMIA:001513	Chronic myelogenous leukemia	DOID:8552	chronic myeloid leukemia	true	
OMIA:001514-9615	hereditary sensory neuropathy	DOID:0050548	hereditary sensory neuropathy	false	
OMIA:001514-9615	hereditary sensory neuropathy	DOID:0050548	hereditary sensory neuropathy	true	
OMIA:001516	Gastrointestinal stromal tumor	DOID:9253	gastrointestinal stromal tumor	false	
OMIA:001516	Gastrointestinal stromal tumor	DOID:9253	gastrointestinal stromal tumor	true	
OMIA:001540	Ciliary dyskinesia, primary	DOID:9562	primary ciliary dyskinesia	false	
OMIA:001540	Ciliary dyskinesia, primary	DOID:9562	primary ciliary dyskinesia	true	
OMIA:001540-9615	Primary ciliary dyskinesia	DOID:9562	primary ciliary dyskinesia	false	
OMIA:001540-9615	Primary ciliary dyskinesia	DOID:9562	primary ciliary dyskinesia	true	
OMIA:001573	Leukemia, chronic monocytic	DOID:8593	chronic monocytic leukemia	false	
OMIA:001573	Leukemia, chronic monocytic	DOID:8593	chronic monocytic leukemia	true	
OMIA:001573-9615	Chronic monocytic leukemia	DOID:8593	chronic monocytic leukemia	false	
OMIA:001573-9615	Chronic monocytic leukemia	DOID:8593	chronic monocytic leukemia	true	
OMIA:001607	Pigmentation	DOID:10123	pigmentation disease	false	
OMIA:001687	Inflammatory bowel disease	DOID:0050589	inflammatory bowel disease	false	
OMIA:001687	Inflammatory bowel disease	DOID:0050589	inflammatory bowel disease	true	
OMIA:001700	Pink eye	DOID:11213	acute contagious conjunctivitis	false	
OMIA:001700	Pink eye	DOID:11213	acute contagious conjunctivitis	true	
OMIA:001702	Alopecia areata	DOID:986	alopecia areata	false	
OMIA:001702	Alopecia areata	DOID:986	alopecia areata	true	
OMIA:001708	Lymphoma, non-Hodgkin	DOID:0060060	non-Hodgkin lymphoma	false	
OMIA:001708	Lymphoma, non-Hodgkin	DOID:0060060	non-Hodgkin lymphoma	true	
OMIA:001724	Melanoma, malignant	DOID:1909	melanoma	false	
OMIA:001724	Melanoma, malignant	DOID:1909	melanoma	true	
OMIA:001760	Common Variable ImmunoDeficiency	DOID:12177	common variable immunodeficiency	false	
OMIA:001760	Common Variable ImmunoDeficiency	DOID:12177	common variable immunodeficiency	true	
OMIA:001764	Choanal atresia	DOID:9574	choanal atresia	false	
OMIA:001764	Choanal atresia	DOID:9574	choanal atresia	true	
OMIA:001794	Cystic fibrosis	DOID:1485	cystic fibrosis	false	
OMIA:001794	Cystic fibrosis	DOID:1485	cystic fibrosis	true	
OMIA:001795	Niemann-Pick disease, type A	DOID:14504	Niemann-Pick disease	false	
OMIA:001795	Niemann-Pick disease, type A	DOID:14504	Niemann-Pick disease	true	
OMIA:001803	Endocardial fibroelastosis	DOID:12929	endocardial fibroelastosis	false	
OMIA:001803	Endocardial fibroelastosis	DOID:12929	endocardial fibroelastosis	true	
OMIA:001805	Amelogenesis imperfecta	DOID:2187	amelogenesis imperfecta	false	
OMIA:001805	Amelogenesis imperfecta	DOID:2187	amelogenesis imperfecta	true	
OMIA:001815	Autism spectrum disorder	DOID:0060041	autism spectrum disorder	false	
OMIA:001815	Autism spectrum disorder	DOID:0060041	autism spectrum disorder	true	
OMIA:001818	Factor XIII deficiency	DOID:2211	factor XIII deficiency	false	
OMIA:001818	Factor XIII deficiency	DOID:2211	factor XIII deficiency	true	
OMIA:001820	Ataxia, spinocerebellar	DOID:1441	autosomal dominant cerebellar ataxia	false	
OMIA:001820	Ataxia, spinocerebellar	DOID:1441	autosomal dominant cerebellar ataxia	true	
OMIA:001865	Cataract, diabetic	DOID:13328	diabetic cataract	false	
OMIA:001865	Cataract, diabetic	DOID:13328	diabetic cataract	true	
OMIA:001870	Glaucoma, primary open angle	DOID:1070	primary open angle glaucoma	false	
OMIA:001870	Glaucoma, primary open angle	DOID:1070	primary open angle glaucoma	true	
OMIA:001870-9615	Primary open angle glaucoma	DOID:1070	primary open angle glaucoma	false	
OMIA:001870-9615	Primary open angle glaucoma	DOID:1070	primary open angle glaucoma	true	
OMIA:001882	Attention deficit hyperactivity disorder	DOID:1094	attention deficit hyperactivity disorder	false	
OMIA:001882	Attention deficit hyperactivity disorder	DOID:1094	attention deficit hyperactivity disorder	true	
OMIA:001888	Muscular dystrophy, Becker type	DOID:9883	Becker muscular dystrophy	false	
OMIA:001888	Muscular dystrophy, Becker type	DOID:9883	Becker muscular dystrophy	true	
OMIA:001898	Metabolic syndrome	DOID:0014667	disease of metabolism	false	
OMIA:001898	Metabolic syndrome	DOID:14221	metabolic syndrome X	false	
OMIA:001898	Metabolic syndrome	DOID:14221	metabolic syndrome X	true	
OMIA:001916	familial adenomatous polyposis	DOID:0050424	familial adenomatous polyposis	false	
OMIA:001916	familial adenomatous polyposis	DOID:0050424	familial adenomatous polyposis	true	
OMIA:001917-9615	polyneuropathy	DOID:1389	polyneuropathy	false	
OMIA:001917-9615	polyneuropathy	DOID:1389	polyneuropathy	true	
OMIA:001921	Rhabdomyosarcoma, embryonal	DOID:3246	embryonal rhabdomyosarcoma	false	
OMIA:001921	Rhabdomyosarcoma, embryonal	DOID:3246	embryonal rhabdomyosarcoma	true	
OMIA:001926	Achondrogenesis, type II	DOID:0080056	achondrogenesis type II	false	
OMIA:001926	Achondrogenesis, type II	DOID:0080056	achondrogenesis type II	true	
OMIA:001928-9615	Congenital myasthenic syndromes	DOID:3635	congenital myasthenic syndrome	true	
OMIA:001930	Pneumonia, aspiration	DOID:0050152	aspiration pneumonia	false	
OMIA:001930	Pneumonia, aspiration	DOID:0050152	aspiration pneumonia	true	
OMIA:001963	Schwannomatosis	DOID:3204	neurilemmomatosis	false	
OMIA:001963	Schwannomatosis	DOID:3204	neurilemmomatosis	true	
OMIA:001964	Eye infection, susceptibility to	DOID:5614	eye disease	false	
OMIA:001967-9615	Muscular Dystrophy	DOID:9884	muscular dystrophy	false	
OMIA:001967-9615	Muscular Dystrophy	DOID:9884	muscular dystrophy	true	
