no_map	GARD:0000037 ! Chromosome 3p deletion
no_map	GARD:0000067 ! Gouty nephropathy, familial
no_map	GARD:0000089 ! Lymphoma, gastric non Hodgkins type
no_map	GARD:0000091 ! Malignant melanoma, childhood
no_map	GARD:0000098 ! Myasthenia gravis congenital
no_map	GARD:0000113 ! Retinopathy, arteriosclerotic
no_map	GARD:0000137 ! Dandy-Walker malformation with nasopharyngeal teratoma and diaphragmatic hernia
no_map	GARD:0000150 ! Sammartino Decreccio syndrome
no_map	GARD:0000163 ! Schizophrenia mental retardation deafness retinitis
no_map	GARD:0000164 ! Sclerocornea, Syndactyly, ambiguous genitalia
no_map	GARD:0000199 ! Cardiac hydatid cysts with intracavitary expansion
no_map	GARD:0000202 ! Maxillary double lip
no_map	GARD:0000203 ! Crohn's disease of the esophagus
no_map	GARD:0000219 ! Congenital giant megaureter
no_map	GARD:0000228 ! Resistance to LH (luteinizing hormone)
no_map	GARD:0000233 ! D ercole syndrome
no_map	GARD:0000240 ! Say Carpenter syndrome
no_map	GARD:0000254 ! Schroer Hammer Mauldin syndrome
no_map	GARD:0000263 ! Narrow oral fissure short stature cone shaped epiphyses
no_map	GARD:0000271 ! Vagneur Triolle Ripert syndrome
no_map	GARD:0000279 ! Hemorrhagic proctocolitis
no_map	GARD:0000286 ! Imaizumi Kuroki syndrome
no_map	GARD:0000294 ! Enchondromatosis dwarfism deafness
no_map	GARD:0000297 ! Lockwood Feingold syndrome
no_map	GARD:0000319 ! Sacrococcygeal Teratoma
no_map	GARD:0000348 ! Yolk sac tumor
no_map	GARD:0000352 ! Guizar Vasquez Sanchez Manzano syndrome
no_map	GARD:0000362 ! Alpha-thalassemia-abnormal morphogenesis
no_map	GARD:0000389 ! Wegmann Jones Smith syndrome
no_map	GARD:0000397 ! Herrmann Opitz arthrogryposis syndrome
no_map	GARD:0000478 ! Acral dysostosis dyserythropoiesis syndrome
no_map	GARD:0000483 ! Acro coxo mesomelic dysplasia
no_map	GARD:0000495 ! Acrofacial dysostosis Preis type
no_map	GARD:0000523 ! Acute lymphoblastic leukemia congenital sporadic aniridia
no_map	GARD:0000525 ! Acute monoblastic leukemia
no_map	GARD:0000529 ! Acute myeloblastic leukemia type 4
no_map	GARD:0000530 ! Acute myeloblastic leukemia type 5
no_map	GARD:0000537 ! Acute non lymphoblastic leukemia
no_map	GARD:0000552 ! Adolescent idiopathic scoliosis
no_map	GARD:0000572 ! Agyria pachygyria polymicrogyria
no_map	GARD:0000573 ! Agyria-pachygyria type 1
no_map	GARD:0000590 ! Albinism immunodeficiency
no_map	GARD:0000596 ! Albright like syndrome
no_map	GARD:0000609 ! Alopecia immunodeficiency
no_map	GARD:0000641 ! Amelia cleft lip palate hydrocephalus iris coloboma
no_map	GARD:0000660 ! Amyoplasia mandibulofacial dysostosis
no_map	GARD:0000674 ! Angiokeratoma mental retardation coarse face
no_map	GARD:0000679 ! Angiomatosis, leptomeningeal capillary venous
no_map	GARD:0000686 ! Aniridia ataxia renal agenesis psychomotor retardation
no_map	GARD:0000688 ! Aniridia mental retardation syndrome
no_map	GARD:0000689 ! Aniridia ptosis mental retardation obesity familial
no_map	GARD:0000694 ! Ankle defects short stature
no_map	GARD:0000704 ! Annular constricting bands
no_map	GARD:0000714 ! Anophthalmia cleft lip palate hypothalamic disorder
no_map	GARD:0000715 ! Anophthalmia cleft palate micrognathia
no_map	GARD:0000716 ! Anophthalmia esophageal atresia cryptorchidism
no_map	GARD:0000718 ! Anophthalmia microcephaly hypogonadism
no_map	GARD:0000725 ! Anotia facial palsy cardiac defect
no_map	GARD:0000728 ! Anterior pituitary insufficiency, familial
no_map	GARD:0000732 ! Antigen-peptide-transporter 2 deficiency
no_map	GARD:0000733 ! Antihypertensive drugs antenatal infection
no_map	GARD:0000736 ! Hereditary antithrombin deficiency type I
no_map	GARD:0000742 ! Aortic dissection lentiginosis
no_map	GARD:0000744 ! Aortic valves stenosis of the child
no_map	GARD:0000746 ! Apert like polydactyly syndrome
no_map	GARD:0000751 ! Aplasia cutis congenita dominant
no_map	GARD:0000755 ! Aplasia cutis congenita recessive
no_map	GARD:0000758 ! Apo A-I deficiency
no_map	GARD:0000759 ! Apolipoprotein C 2I deficiency
no_map	GARD:0000764 ! Arachnodactyly mental retardation dysmorphism
no_map	GARD:0000775 ! Arthritis short stature deafness
no_map	GARD:0000782 ! Arthrogryposis IUGR thoracic dystrophy
no_map	GARD:0000785 ! Arthrogryposis multiplex congenita CNS calcification
no_map	GARD:0000786 ! Arthrogryposis multiplex congenita distal
no_map	GARD:0000801 ! Idiopathic double athetosis
no_map	GARD:0000805 ! Brainstem auditory evoked responses
no_map	GARD:0000811 ! Balo disease
no_map	GARD:0000831 ! Basal cell nevus anodontia abnormal bone mineralization
no_map	GARD:0000841 ! Bd syndrome
no_map	GARD:0000855 ! Benign autosomal dominant myopathy
no_map	GARD:0000881 ! Biemond syndrome type 1
no_map	GARD:0000885 ! Bilateral renal agenesis dominant type
no_map	GARD:0000887 ! Biliary atresia intrahepatic non syndromic form
no_map	GARD:0000888 ! Biliary atresia intrahepatic syndromic form
no_map	GARD:0000892 ! Billet Bear syndrome
no_map	GARD:0000902 ! Blepharo naso facial syndrome Van maldergem type
no_map	GARD:0000921 ! Bone dysplasia corpus callosum agenesis
no_map	GARD:0000923 ! Bone dysplasia Moore type
no_map	GARD:0000946 ! Bourneville syndrome
no_map	GARD:0000961 ! Brachydactyly absence of distal phalanges
no_map	GARD:0000962 ! Brachydactyly anonychia
no_map	GARD:0000965 ! Brachydactyly dwarfism mental retardation
no_map	GARD:0000969 ! Brachydactyly mesomelia mental retardation heart defects
no_map	GARD:0000974 ! Brachydactyly small stature face anomalies
no_map	GARD:0001001 ! Branchial arch defects
no_map	GARD:0001018 ! Brittle bone syndrome lethal type
no_map	GARD:0001023 ! Bronchiectasis oligospermia
no_map	GARD:0001026 ! Amyloidosis bronchopulmonary
no_map	GARD:0001034 ! Bruyn Scheltens syndrome
no_map	GARD:0001041 ! Burn Goodship syndrome
no_map	GARD:0001082 ! Cantu Sanchez-Corona Garcia-Cruz syndrome
no_map	GARD:0001083 ! Cantu Sanchez-Corona Hernandez syndrome
no_map	GARD:0001089 ! Carbon baby syndrome
no_map	GARD:0001097 ! Cardiofacial syndrome short limbs
no_map	GARD:0001099 ! Cardiomelic syndrome Stratton Koehler type
no_map	GARD:0001103 ! Cardiomyopathy diabetes deafness
no_map	GARD:0001107 ! Cardiomyopathy due to anthracyclines
no_map	GARD:0001109 ! Cardiomyopathy hypogonadism metabolic anomalies
no_map	GARD:0001110 ! Cardiomyopathy spherocytosis
no_map	GARD:0001113 ! Fatal infantile encephalomyopathy
no_map	GARD:0001125 ! Carpal deformity migrognathia microstomia
no_map	GARD:0001129 ! Carpo tarsal osteolysis recessive
no_map	GARD:0001143 ! Cataract congenital autosomal dominant
no_map	GARD:0001157 ! Cataract microphthalmia septal defect
no_map	GARD:0001158 ! Cataract skeletal anomalies
no_map	GARD:0001173 ! CDG syndrome type 3
no_map	GARD:0001174 ! CDG syndrome type 4
no_map	GARD:0001175 ! CDK4 linked melanoma
no_map	GARD:0001179 ! Cennamo Gangemi syndrome
no_map	GARD:0001187 ! Cerebellar agenesis
no_map	GARD:0001198 ! Cerebello-olivary atrophy
no_map	GARD:0001201 ! Cerebral calcification cerebellar hypoplasia
no_map	GARD:0001202 ! Cerebral calcifications opalescent teeth phosphaturia
no_map	GARD:0001302 ! Chondrodysplasia punctata, humero-metacarpal type
no_map	GARD:0001306 ! Choreoacanthocytosis amyotrophic
no_map	GARD:0001308 ! Chorioretinopathy dominant form microcephaly
no_map	GARD:0001309 ! Choroid plexus cyst
no_map	GARD:0001315 ! Christian Demyer Franken syndrome
no_map	GARD:0001316 ! Christian Johnson Angenieta syndrome
no_map	GARD:0001340 ! Chromosome 4q deletion
no_map	GARD:0001346 ! Chromosome 7p deletion
no_map	GARD:0001351 ! Chronic berylliosis
no_map	GARD:0001352 ! Chronic demyelinizing neuropathy with IgM monoclonal
no_map	GARD:0001355 ! Chronic polyradiculoneuritis
no_map	GARD:0001361 ! Ciliary dyskinesia, due to transposition of ciliary microtubules
no_map	GARD:0001362 ! Ciliary dyskinesia-bronchiectasis
no_map	GARD:0001366 ! Circumscribed disseminated keratosis Jadassohn Lew type
no_map	GARD:0001371 ! Cleft lip and palate malrotation cardiopathy
no_map	GARD:0001372 ! Cleft lip and/or palate with mucous cysts of lower
no_map	GARD:0001375 ! Cleft lip palate dysmorphism Kumar type
no_map	GARD:0001380 ! Cleft lip palate mental retardation corneal opacity
no_map	GARD:0001381 ! Cleft lip palate oligodontia syndactyly pili torti
no_map	GARD:0001382 ! Cleft lip palate pituitary deficiency
no_map	GARD:0001383 ! Cleft lip palate-tetraphocomelia
no_map	GARD:0001386 ! Cleft lower lip cleft lateral canthi chorioretinal
no_map	GARD:0001387 ! Cleft palate cardiac defect ectrodactyly
no_map	GARD:0001388 ! Cleft palate colobomata radial synostosis deafness
no_map	GARD:0001389 ! Cleft palate heart disease polydactyly absent tibia
no_map	GARD:0001395 ! Cleft tongue
no_map	GARD:0001396 ! Cleft upper lip median cutaneous polyps
no_map	GARD:0001419 ! Coenzyme Q cytochrome c reductase deficiency of
no_map	GARD:0001423 ! Cohen Lockood Wyborney syndrome
no_map	GARD:0001429 ! Collins Sakati syndrome
no_map	GARD:0001439 ! Coloboma porencephaly hydronephrosis
no_map	GARD:0001442 ! Colobomata unilobar lung heart defect
no_map	GARD:0001444 ! Colobomatous microphthalmia heart disease hearing
no_map	GARD:0001448 ! Colver Steer Godman syndrome
no_map	GARD:0001449 ! Combarros Calleja Leno syndrome
no_map	GARD:0001453 ! Complement component receptor 1
no_map	GARD:0001459 ! Mitochondrial complex V deficiency
no_map	GARD:0001472 ! Congenital aneurysms of the great vessels
no_map	GARD:0001473 ! Congenital articular rigidity
no_map	GARD:0001474 ! Congenital benign spinal muscular atrophy dominant
no_map	GARD:0001477 ! Congenital contractures
no_map	GARD:0001478 ! Congenital craniosynostosis maternal hyperthyroiditis
no_map	GARD:0001479 ! Congenital cystic eye multiple ocular and intracranial anomalies
no_map	GARD:0001483 ! Congenital heart disease ptosis hypodontia craniostosis
no_map	GARD:0001484 ! Congenital heart disease radio ulnar synostosis mental retardation
no_map	GARD:0001486 ! Congenital herpes simplex
no_map	GARD:0001492 ! Congenital megalo-ureter
no_map	GARD:0001497 ! Congenital mixovirus
no_map	GARD:0001498 ! Congenital mumps
no_map	GARD:0001499 ! Congenital muscular dystrophy syringomyelia
no_map	GARD:0001504 ! Congenital stenosis of cervical medullary canal
no_map	GARD:0001507 ! Congenital unilateral pulmonary hypoplasia
no_map	GARD:0001508 ! Congenital vagal hyperreflexivity
no_map	GARD:0001523 ! Cormier Rustin Munnich syndrome
no_map	GARD:0001524 ! Corneal anesthesia deafness mental retardation
no_map	GARD:0001526 ! Corneal crystals myopathy neuropathy
no_map	GARD:0001528 ! Corneal dystrophy ichthyosis microcephaly mental retardation
no_map	GARD:0001530 ! Corneal dystrophy pigmentary anomaly malabsorption
no_map	GARD:0001538 ! Corpus callosum agenesis of blepharophimosis Robin type
no_map	GARD:0001541 ! Corpus callosum dysgenesis cleft spasm
no_map	GARD:0001542 ! Corpus callosum dysgenesis hypopituitarism
no_map	GARD:0001543 ! Corpus callosum dysgenesis X-linked recessive
no_map	GARD:0001546 ! Cortada Koussef Matsumoto syndrome
no_map	GARD:0001547 ! Cortes Lacassie syndrome
no_map	GARD:0001548 ! Cortical blindness mental retardation polydactyly
no_map	GARD:0001568 ! Craniodigital syndrome mental retardation
no_map	GARD:0001570 ! Craniofacial and skeletal defects
no_map	GARD:0001573 ! Craniofacial dysostosis arthrogryposis progeroid appearence
no_map	GARD:0001579 ! Craniofrontonasal syndrome Teebi type
no_map	GARD:0001584 ! Craniostenosis cataract
no_map	GARD:0001585 ! Craniostenosis with congenital heart disease mental retardation
no_map	GARD:0001587 ! Craniosynostosis arthrogryposis cleft palate
no_map	GARD:0001588 ! Craniosynostosis autosomal dominant
no_map	GARD:0001590 ! Craniosynostosis cleft lip palate arthrogryposis
no_map	GARD:0001591 ! Craniosynostosis contractures cleft
no_map	GARD:0001593 ! Craniosynostosis exostoses nevus epibulbar dermoid
no_map	GARD:0001595 ! Craniosynostosis Fontaine type
no_map	GARD:0001598 ! Craniosynostosis Maroteaux Fonfria type
no_map	GARD:0001600 ! Craniosynostosis mental retardation heart defects
no_map	GARD:0001607 ! Crawfurd syndrome
no_map	GARD:0001610 ! Cretinism athyreotic
no_map	GARD:0001623 ! Cryptorchidism arachnodactyly mental retardation
no_map	GARD:0001635 ! Cutis gyratum acanthosis nigricans craniosynostosis
no_map	GARD:0001637 ! Cutis laxa osteoporosis
no_map	GARD:0001658 ! Cytoplasmic body myopathy
no_map	GARD:0001689 ! Deafness goiter stippled epiphyses
no_map	GARD:0001692 ! Deafness hypospadias metacarpal and metatarsal syndrome
no_map	GARD:0001693 ! Deafness mesenteric diverticula of small bowel neuropathy
no_map	GARD:0001701 ! Deafness peripheral neuropathy arterial disease
no_map	GARD:0001702 ! Deafness progressive cataract autosomal dominant
no_map	GARD:0001707 ! Deafness X-linked, DFN3
no_map	GARD:0001709 ! Deafness, isolated, due to mitochondrial transmission
no_map	GARD:0001710 ! Deafness, neurosensory nonsyndromic recessive, DFN
no_map	GARD:0001715 ! Deafness, X-linked, DFN
no_map	GARD:0001746 ! Chromosome 15q deletion
no_map	GARD:0001812 ! Dermatocardioskeletal syndrome Boronne type
no_map	GARD:0001832 ! Diabetes hypogonadism deafness mental retardation
no_map	GARD:0001840 ! Diabetes persistent mullerian ducts
no_map	GARD:0001843 ! Diaphragmatic agenesis radial aplasia omphalocele
no_map	GARD:0001846 ! Diaphragmatic hernia exomphalos corpus callosum agenesis
no_map	GARD:0001847 ! Diaphragmatic hernia upper limb defects
no_map	GARD:0001854 ! Dibasic aminoaciduria 1
no_map	GARD:0001857 ! Die Smulders Droog Van Dijk syndrome
no_map	GARD:0001858 ! Die Smulders Vles Fryns syndrome
no_map	GARD:0001859 ! Diethylstilbestrol antenatal infection
no_map	GARD:0001863 ! Gastric duplication cysts
no_map	GARD:0001870 ! Diomedi Bernardi Placidi syndrome
no_map	GARD:0001873 ! Diphallus rachischisis imperforate anus
no_map	GARD:0001876 ! Diprosopia
no_map	GARD:0001890 ! Distichiasis heart congenital anomalies
no_map	GARD:0001895 ! Dobrow syndrome
no_map	GARD:0001897 ! Dominant ichthyosis vulgaris
no_map	GARD:0001905 ! Double discordia
no_map	GARD:0001906 ! Double fingernail of fifth finger
no_map	GARD:0001915 ! Duane anomaly mental retardation
no_map	GARD:0001919 ! Duodenal atresia tetralogy of Fallot
no_map	GARD:0001923 ! Chromosome 11q duplication
no_map	GARD:0001926 ! Chromosome 12q duplication
no_map	GARD:0001929 ! Chromosome 13q duplication
no_map	GARD:0001977 ! Duplication of the thumb unilateral biphalangeal
no_map	GARD:0001983 ! Dupont Sellier Chochillon syndrome
no_map	GARD:0001984 ! Dwarfism bluish sclerae
no_map	GARD:0001985 ! Dwarfism deafness retinitis pigmentosa
no_map	GARD:0001986 ! Dwarfism lethal type advanced bone age
no_map	GARD:0001992 ! Dwarfism thin bones multiple fractures
no_map	GARD:0002008 ! Dysmorphism abnormal vocalization mental retardation
no_map	GARD:0002032 ! EAF
no_map	GARD:0002042 ! Ectodermal dysplasia arthrogryposis diabetes mellitus
no_map	GARD:0002043 ! Ectodermal dysplasia Bartalos type
no_map	GARD:0002050 ! Ectodermal dysplasia Margarita type
no_map	GARD:0002051 ! Ectodermal dysplasia mental retardation CNS malformation
no_map	GARD:0002101 ! Emery-Dreifuss muscular dystrophy, dominant type
no_map	GARD:0002106 ! Enamel hypoplasia cataract hydrocephaly
no_map	GARD:0002109 ! Encephalocele anencephaly
no_map	GARD:0002126 ! Enolase deficiency type 1
no_map	GARD:0002127 ! Enolase deficiency type 2
no_map	GARD:0002129 ! Enolase deficiency type 4
no_map	GARD:0002134 ! Idiopathic eosinophilic chronic pneumopathy
no_map	GARD:0002136 ! Epidermal nevus vitamin D resistant rickets
no_map	GARD:0002159 ! Epilepsy benign neonatal dominant form
no_map	GARD:0002160 ! Epilepsy benign neonatal recessive form
no_map	GARD:0002163 ! Epilepsy mental deterioration Finnish type
no_map	GARD:0002175 ! Epimetaphyseal dysplasia cataract
no_map	GARD:0002176 ! Epimetaphyseal skeletal dysplasia
no_map	GARD:0002177 ! Epiphyseal dysplasia dysmorphism camptodactyly
no_map	GARD:0002183 ! Acute posterior multifocal placoid pigment epitheliopathy
no_map	GARD:0002196 ! Esophageal atresia coloboma talipes
no_map	GARD:0002199 ! Exencephaly
no_map	GARD:0002204 ! Exostoses, multiple, type 1
no_map	GARD:0002206 ! Exostoses, multiple, type 3
no_map	GARD:0002207 ! Exstrophy of the bladder-epispadias
no_map	GARD:0002208 ! Exsudative retinopathy familial, autosomal dominant
no_map	GARD:0002209 ! Exsudative retinopathy familial, autosomal recessive
no_map	GARD:0002210 ! Exsudative retinopathy familial, X-linked, recessive
no_map	GARD:0002211 ! Exsudative retinopathy, familial
no_map	GARD:0002213 ! Extrasystoles short stature hyperpigmentation microcephaly
no_map	GARD:0002218 ! Facial asymetry temporal seizures
no_map	GARD:0002220 ! Facial clefting corpus callosum agenesis
no_map	GARD:0002225 ! Facies unusual arthrogryposis advanced skeletal malformations
no_map	GARD:0002226 ! Facio digito genital syndrome recessive form
no_map	GARD:0002227 ! Facio skeletal genital syndrome Rippberger type
no_map	GARD:0002235 ! Factor 2 deficiency
no_map	GARD:0002250 ! Familial band heterotopia
no_map	GARD:0002256 ! Familial opposable triphalangeal thumbs duplication
no_map	GARD:0002269 ! Fanconi ichthyosis dysmorphism
no_map	GARD:0002280 ! Feigenbaum Bergeron syndrome
no_map	GARD:0002287 ! Fenton Wilkinson Toselano syndrome
no_map	GARD:0002296 ! Fetal antihypertensive drugs syndrome
no_map	GARD:0002297 ! Fetal brain disruption sequence
no_map	GARD:0002300 ! Fetal diethylstilbestrol syndrome
no_map	GARD:0002301 ! Fetal edema
no_map	GARD:0002302 ! Fetal enterovirus syndrome
no_map	GARD:0002305 ! Fetal left ventricular aneurysm
no_map	GARD:0002306 ! Fetal methimazole syndrome
no_map	GARD:0002309 ! Fetal parainfluenza virus type 3 syndrome
no_map	GARD:0002311 ! Fetal phenothiazine syndrome
no_map	GARD:0002329 ! Fibula aplasia complex brachydactyly
no_map	GARD:0002333 ! Fibular hypoplasia scapulo pelvic dysplasia absent
no_map	GARD:0002349 ! Focal alopecia congenital megalencephaly
no_map	GARD:0002350 ! Focal or multifocal malformations in neuronal migration
no_map	GARD:0002354 ! Basaloid follicular hamartoma
no_map	GARD:0002355 ! Ichthyosis, follicular
no_map	GARD:0002357 ! Follicular lymphoreticuloma
no_map	GARD:0002358 ! Fontaine Farriaux Blanckaert syndrome
no_map	GARD:0002366 ! Fragile X syndrome type 1
no_map	GARD:0002367 ! Fragile X syndrome type 2
no_map	GARD:0002368 ! Fragile X syndrome type 3
no_map	GARD:0002377 ! FRAXD
no_map	GARD:0002386 ! Friedel Heid Grosshans syndrome
no_map	GARD:0002387 ! Friedman Goodman syndrome
no_map	GARD:0002389 ! Fronto nasal malformation cloacal exstrophy
no_map	GARD:0002395 ! Frontonasal dysplasia phocomelic upper limbs
no_map	GARD:0002399 ! Acquired fructose intolerance
no_map	GARD:0002407 ! Fryns Fabry Remans syndrome
no_map	GARD:0002409 ! Fryns smeets thiry syndrome
no_map	GARD:0002411 ! Fukuda Miyanomae Nakata syndrome
no_map	GARD:0002414 ! Functioning pancreatic endocrine tumor
no_map	GARD:0002415 ! Fuqua Berkovitz syndrome
no_map	GARD:0002444 ! Gaucher ichthyosis restrictive dermopathy
no_map	GARD:0002448 ! Gelatinous ascites
no_map	GARD:0002458 ! Genital dwarfism
no_map	GARD:0002459 ! Genital dwarfism, Turner type
no_map	GARD:0002464 ! Gershinibaruch Leibo syndrome
no_map	GARD:0002468 ! Giant ganglionic hyperplasia
no_map	GARD:0002471 ! Gigantism advanced bone age hoarse cry
no_map	GARD:0002482 ! Glaucoma iridogoniodysgenesia
no_map	GARD:0002484 ! Glaucoma type 1C
no_map	GARD:0002487 ! Glaucoma, hereditary adult type 1A
no_map	GARD:0002488 ! Glaucoma, hereditary juvenile type 1B
no_map	GARD:0002489 ! Glaucoma, primary infantile type 3A
no_map	GARD:0002491 ! Glioblastoma
no_map	GARD:0002495 ! Glossopalatine ankylosis micrognathia ear anomalies
no_map	GARD:0002502 ! Glucosephosphate isomerase deficiency
no_map	GARD:0002503 ! Glucosidase acid-1,4-alpha deficiency
no_map	GARD:0002521 ! GM2 gangliosidosis, 0 variant
no_map	GARD:0002522 ! GM2-gangliosidosis, B, B1, AB variant
no_map	GARD:0002567 ! Grix Blankenship Peterson syndrome
no_map	GARD:0002570 ! Growth deficiency brachydactyly unusual facies
no_map	GARD:0002573 ! Growth retardation alopecia pseudoanodontia optic
no_map	GARD:0002574 ! Growth retardation hydrocephaly lung hypoplasia
no_map	GARD:0002575 ! Growth retardation mental retardation phalangeal hypoplasia
no_map	GARD:0002628 ! Hemeralopia, congenital essential
no_map	GARD:0002629 ! Hemeralopia, familial
no_map	GARD:0002631 ! Hemifacial atrophy agenesis of the caudate nucleus
no_map	GARD:0002648 ! Hennekam Van der Horst syndrome
no_map	GARD:0002649 ! Heparane sulfamidase deficiency
no_map	GARD:0002653 ! Hepatic fibrosis renal cysts mental retardation
no_map	GARD:0002659 ! Hereditary methemoglobinemia, recessive
no_map	GARD:0002660 ! Hereditary myopathy with intranuclear filamentous
no_map	GARD:0002661 ! Hereditary nodular heterotopia
no_map	GARD:0002662 ! Hereditary primary Fanconi disease
no_map	GARD:0002663 ! Hereditary resistance to anti-vitamin K
no_map	GARD:0002670 ! Herpetic embryopathy
no_map	GARD:0002685 ! Hillig syndrome
no_map	GARD:0002686 ! Hing Torack Dowston syndrome
no_map	GARD:0002691 ! Hip luxation
no_map	GARD:0002692 ! Hip subluxation
no_map	GARD:0002702 ! Hirschsprung microcephaly cleft palate
no_map	GARD:0002710 ! Hm syndrome
no_map	GARD:0002712 ! HMG CoA synthetase deficiency
no_map	GARD:0002717 ! Holmes Borden syndrome
no_map	GARD:0002720 ! Holoacardius amorphus
no_map	GARD:0002732 ! Homocystinuria due to defect in methylation cbl e
no_map	GARD:0002733 ! Homocystinuria due to defect in methylation cbl g
no_map	GARD:0002735 ! Hoon Hall syndrome
no_map	GARD:0002753 ! Hunter Macpherson syndrome
no_map	GARD:0002755 ! Hunter Mcdonald syndrome
no_map	GARD:0002759 ! Hurst Hallam Hockey syndrome
no_map	GARD:0002762 ! Hyalinosis systemic short stature
no_map	GARD:0002767 ! Hydrocephalus autosomal recessive
no_map	GARD:0002772 ! Hydrocephalus craniosynostosis bifid nose
no_map	GARD:0002774 ! Hydrocephalus growth retardation skeletal anomalies
no_map	GARD:0002776 ! Hydrocephalus skeletal anomalies
no_map	GARD:0002777 ! Hydrocephaly corpus callosum agenesis diaphragmatic hernia
no_map	GARD:0002782 ! Hydrops ectrodactyly syndactyly
no_map	GARD:0002784 ! Hydrops fetalis anemia immune disorder absent thumb
no_map	GARD:0002786 ! Hygroma cervical
no_map	GARD:0002800 ! Hypercalcinuria macular coloboma
no_map	GARD:0002811 ! Hypergonadotropic ovarian failure, familial or sporadic
no_map	GARD:0002822 ! Hyperinsulinism, focal
no_map	GARD:0002840 ! Hyperphenilalaninemia due to pterin-4-alpha-carbin
no_map	GARD:0002854 ! Hypertensive hypokalemia familial
no_map	GARD:0002868 ! Hypertrophic hemangiectasia
no_map	GARD:0002875 ! Hypobetalipoproteinaemia ataxia hearing loss
no_map	GARD:0002883 ! Hypodermyasis
no_map	GARD:0002886 ! Hypodontia of incisors and premolars
no_map	GARD:0002889 ! Hypoglycemia with deficiency of glycogen synthetase in the liver
no_map	GARD:0002890 ! Hypogonadism cardiomyopathy
no_map	GARD:0002894 ! Hypogonadism mitral valve prolapse mental retardation
no_map	GARD:0002895 ! Hypogonadism primary partial alopecia
no_map	GARD:0002899 ! Hypogonadotropic hypogonadism without anosmia, X-linked
no_map	GARD:0002913 ! Hypoparathyroidism short stature mental retardation
no_map	GARD:0002921 ! Hypoplasia hepatic ductular
no_map	GARD:0002923 ! Hypoplastic thumb mullerian aplasia
no_map	GARD:0002924 ! Hypoplastic thumbs hydranencephaly
no_map	GARD:0002927 ! Hyposmia nasal hypoplasia hypogonadism
no_map	GARD:0002932 ! Hypothalamic dysfunction
no_map	GARD:0002938 ! Hypothyroidism due to iodide transport defect
no_map	GARD:0002939 ! Hypothyroidism postaxial polydactyly mental retardation
no_map	GARD:0002940 ! Hypotonic sclerotic muscular dystrophy
no_map	GARD:0002949 ! Ichthyosis deafness mental retardation skeletal anomaly
no_map	GARD:0002961 ! Ichthyosis, erythrokeratolysis hemalis
no_map	GARD:0002967 ! Ichthyosis linearis circumflexa
no_map	GARD:0002970 ! Idiopathic diffuse interstitial fibrosis
no_map	GARD:0002986 ! Immunodeficiency, microcephaly with normal intelligence
no_map	GARD:0002994 ! Indomethacin antenatal infection
no_map	GARD:0003000 ! Infantile recurrent chronic multifocal osteomyolitis
no_map	GARD:0003019 ! Intracranial aneurysms multiple congenital anomaly
no_map	GARD:0003021 ! Intrathoracic kidney vertebral fusion
no_map	GARD:0003023 ! Intrauterine infections
no_map	GARD:0003025 ! Iodine antenatal infection
no_map	GARD:0003029 ! Ischiadic hypoplasia renal dysfunction immunodeficiency
no_map	GARD:0003036 ! Isthmian coarctation
no_map	GARD:0003050 ! Johnson Hall Krous syndrome
no_map	GARD:0003082 ! Short stature, cranial hyperostosis, hepatomegaly and diabetes
no_map	GARD:0003101 ! Keratosis palmoplantaris adenocarcinoma of the colon
no_map	GARD:0003123 ! Klumpke paralysis
no_map	GARD:0003162 ! Lactate dehydrogenase deficiency type C
no_map	GARD:0003186 ! Laryngeal abductor paralysis mental retardation
no_map	GARD:0003197 ! Lateral body wall defect
no_map	GARD:0003219 ! Leiomyomatosis of esophagus, cataract and hematuria
no_map	GARD:0003234 ! Leukomelanoderma mental redardation hypotrichosis
no_map	GARD:0003254 ! Limb reduction defect
no_map	GARD:0003278 ! Lissencephaly, isolated
no_map	GARD:0003299 ! Lower mesodermal defects sequence
no_map	GARD:0003328 ! Lymphedema, congenital
no_map	GARD:0003329 ! Lymphoblastic lymphoma
no_map	GARD:0003330 ! Angiomatous lymphoid hamartoma
no_map	GARD:0003389 ! Marginal glioneuronal heterotopia
no_map	GARD:0003393 ! Markel Vikkula Mulliken syndrome
no_map	GARD:0003401 ! Marphanoid syndrome type De Silva
no_map	GARD:0003402 ! Marsden Nyhan Sakati syndrome
no_map	GARD:0003410 ! Mastroiacovo De Rosa Satta syndrome
no_map	GARD:0003411 ! Mastroiacovo Gambi Segni syndrome
no_map	GARD:0003417 ! Matsoukas Liarikos Giannika syndrome
no_map	GARD:0003419 ! Maumenee syndrome
no_map	GARD:0003423 ! McCallum Macadam Johnston syndrome
no_map	GARD:0003425 ! McDowall syndrome
no_map	GARD:0003426 ! McGillivray syndrome
no_map	GARD:0003470 ! Lysteria monocytoigeneses meningitis
no_map	GARD:0003472 ! Meningococcemia
no_map	GARD:0003473 ! Meningoencephalocele
no_map	GARD:0003479 ! Mental retardation-polydactyly-uncombable hair
no_map	GARD:0003480 ! Mental retardation anophthalmia craniosynostosis
no_map	GARD:0003481 ! Mental retardation arachnodactyly hypotonia telangiectasia
no_map	GARD:0003482 ! Mental retardation athetosis microphthalmia
no_map	GARD:0003486 ! Mental retardation cataracts calcified pinnae myopathy
no_map	GARD:0003487 ! Mental retardation coloboma slimness
no_map	GARD:0003489 ! Mental retardation dysmorphism hypogonadism diabetes
no_map	GARD:0003490 ! Mental retardation epilepsy
no_map	GARD:0003491 ! Mental retardation epilepsy bulbous nose
no_map	GARD:0003493 ! Mental retardation hip luxation G6PD variant
no_map	GARD:0003494 ! Mental retardation hypocupremia hypobetalipoproteinemia
no_map	GARD:0003496 ! Mental retardation hypotonia skin hyperpigmentation
no_map	GARD:0003497 ! Mental retardation macrocephaly coarse facies hypotonia
no_map	GARD:0003498 ! Mental retardation microcephaly phalangeal facial
no_map	GARD:0003499 ! Mental retardation microcephaly unusual facies
no_map	GARD:0003505 ! Mental retardation progressive spasticity
no_map	GARD:0003511 ! Mental retardation short stature deafness genital
no_map	GARD:0003515 ! Mental retardation short stature microcephaly eye
no_map	GARD:0003532 ! Mental retardation X-linked dysmorphism
no_map	GARD:0003549 ! Mesomelia
no_map	GARD:0003565 ! Metaphyseal chondrodysplasia, others
no_map	GARD:0003570 ! Metatarsus adductus
no_map	GARD:0003576 ! Methylcobalamin deficiency, cbl E complementation type
no_map	GARD:0003580 ! Methylmalonic aciduria microcephaly cataract
no_map	GARD:0003611 ! Microcephaly chorioretinopathy recessive form
no_map	GARD:0003660 ! Midline cleft of lower lip
no_map	GARD:0003676 ! Mirror polydactyly segmentation and limbs defects
no_map	GARD:0003722 ! Chromosome 14q deletion
no_map	GARD:0003730 ! Chromosome 1p deletion
no_map	GARD:0003744 ! Chromosome 2q deletion
no_map	GARD:0003760 ! Chromosome 6q deletion
no_map	GARD:0003768 ! Chromosome 8p deletion
no_map	GARD:0003770 ! Chromosome 8q deletion
no_map	GARD:0003777 ! Montefiore syndrome
no_map	GARD:0003792 ! Motor sensory neuropathy type 1 aplasia cutis congenita
no_map	GARD:0003824 ! Multiple carboxylase deficiency, biotin responsive
no_map	GARD:0003826 ! Multiple congenital anomalies mental retardation, growth failure and cleft lip palate
no_map	GARD:0003833 ! Multiple joint dislocations metaphyseal dysplasia
no_map	GARD:0003837 ! Multiple vertebral anomalies unusual facies
no_map	GARD:0003845 ! Muscular dystrophy limb girdle type 2A, Erb type
no_map	GARD:0003862 ! Mycetoma
no_map	GARD:0003878 ! Myoglobinuria dominant form
no_map	GARD:0003886 ! Myopathy growth and mental retardation hypospadias
no_map	GARD:0003888 ! Myopathy mitochondrial cataract
no_map	GARD:0003897 ! Myotonia mental retardation skeletal anomalies
no_map	GARD:0003939 ! Nephronophthisis familial adult spastic quadriparesis
no_map	GARD:0003942 ! Nephropathy familial with hyperuricemia
no_map	GARD:0004014 ! Nova syndrome
no_map	GARD:0004043 ! Oculodentodigital dysplasia dominant
no_map	GARD:0004087 ! Opthalmic icthyosis
no_map	GARD:0004089 ! Opthalmomandibulomelic dysplasia
no_map	GARD:0004090 ! Opthalmoplegia myalgia tubular aggregates
no_map	GARD:0004092 ! Opthalmoplegia mental retardation lingua scrotalis
no_map	GARD:0004093 ! Opthalmoplegia progressive external scoliosis
no_map	GARD:0004101 ! Optic atrophy opthalmoplegia ptosis deafness myopia
no_map	GARD:0004114 ! Organic mood syndrome
no_map	GARD:0004179 ! Ovarian insufficiency due to FSH resistance
no_map	GARD:0004181 ! Overgrowth radial ray defect arthrogryposis
no_map	GARD:0004215 ! Parainfluenza virus type 3
no_map	GARD:0004284 ! Pericardium absent mental retardation short stature
no_map	GARD:0004330 ! Phosphoglucomutase deficiency type 2
no_map	GARD:0004331 ! Phosphoglucomutase deficiency type 3
no_map	GARD:0004332 ! Phosphoglucomutase deficiency type 4
no_map	GARD:0004336 ! Phosphomannoisomerase deficiency
no_map	GARD:0004346 ! Pierre Marie cerebellar ataxia
no_map	GARD:0004354 ! Pierre Robin syndrome skeletal dysplasia polydactyly
no_map	GARD:0004357 ! Pigmentary retinopathy
no_map	GARD:0004366 ! Pilo dento ungular dysplasia microcephaly
no_map	GARD:0004379 ! Plasmalogens synthesis deficiency isolated
no_map	GARD:0004415 ! Polydactyly postaxial dental and vertebral
no_map	GARD:0004418 ! Polydactyly syndrome middle ray duplication
no_map	GARD:0004432 ! Polysyndactyly trigonocephaly agenesis of corpus callosum
no_map	GARD:0004435 ! Poncet-Spiegler's cylindroma
no_map	GARD:0004445 ! Aminolevulinate dehydratase deficiency porphyria
no_map	GARD:0004449 ! Portal hypertension due to infrahepatic block
no_map	GARD:0004453 ! Positive rheumatoid factor polyarthritis
no_map	GARD:0004458 ! Posterior valve urethra
no_map	GARD:0004461 ! Potter syndrome type 3
no_map	GARD:0004463 ! Potter syndrome type 2
no_map	GARD:0004472 ! Precocious epileptic encephalopathy
no_map	GARD:0004473 ! Precocious myoclonic encephalopathy
no_map	GARD:0004486 ! Primary malignant lymphoma
no_map	GARD:0004487 ! Primary tubular proximal acidosis
no_map	GARD:0004495 ! Progeria variant syndrome Ruvalcaba type
no_map	GARD:0004501 ! Progressive black carbon hyperpigmentation of infancy
no_map	GARD:0004505 ! Progressive kinking of the hair, acquired
no_map	GARD:0004518 ! Prosencephaly cerebellar dysgenesis
no_map	GARD:0004525 ! Proteus like syndrome mental retardation eye defect
no_map	GARD:0004538 ! Pseudo-Turner syndrome
no_map	GARD:0004547 ! Pseudohermaphrodism anorectal anomalies
no_map	GARD:0004556 ! Pseudomongolism
no_map	GARD:0004566 ! Pterigium Colli
no_map	GARD:0004574 ! Ptosis coloboma mental retardation
no_map	GARD:0004576 ! Ptosis strabismus diastasis
no_map	GARD:0004585 ! Pulmonary artery agenesis
no_map	GARD:0004587 ! Pulmonary artery familial dilatation
no_map	GARD:0004595 ! Pulmonary surfactant protein B, deficiency of
no_map	GARD:0004603 ! Punctate acrokeratoderma freckle like pigmentation
no_map	GARD:0004622 ! Pyruvate kinase deficiency, muscle type
no_map	GARD:0004646 ! Reductional transverse limb defects
no_map	GARD:0004649 ! Reginato Shiapachasse syndrome
no_map	GARD:0004651 ! Renal adysplasia dominant type
no_map	GARD:0004654 ! Renal agenesis meningomyelocele mullerian defect
no_map	GARD:0004657 ! Renal dysplasia diffuse autosomal recessive
no_map	GARD:0004671 ! Renal tubular acidosis, distal, type 4
no_map	GARD:0004673 ! Renoanogenital syndrome
no_map	GARD:0004676 ! Multiple respiratory chain enzyme deficiencies
no_map	GARD:0004682 ! Retinis pigmentosa deafness hypogenitalism
no_map	GARD:0004686 ! Retinopathy anemia CNS anomalies
no_map	GARD:0004687 ! Retinopathy aplastic anemia neurological abnormalities
no_map	GARD:0004696 ! Reynolds Neri Hermann syndrome
no_map	GARD:0004704 ! Rhizomelic pseudopolyarthritis
no_map	GARD:0004708 ! Richieri-Costa Colletto Otto syndrome
no_map	GARD:0004717 ! Richieri Costa Orquizas syndrome
no_map	GARD:0004720 ! Right atrium familial dilatation
no_map	GARD:0004773 ! Scoliosis with unilateral unsegmented bar
no_map	GARD:0004781 ! Seckel like syndrome Majoor-Krakauer type
no_map	GARD:0004789 ! Seizures benign familial neonatal recessive form
no_map	GARD:0004790 ! Seizures mental retardation hair dysplasia
no_map	GARD:0004793 ! Semmekrot Haraldsson Weemaes syndrome
no_map	GARD:0004798 ! Sensory neuropathy type 1
no_map	GARD:0004804 ! Sequeiros Sack syndrome
no_map	GARD:0004819 ! Shith Filkins syndrome
no_map	GARD:0004821 ! Short broad great toe macrocranium
no_map	GARD:0004826 ! Short limb dwarf edema iris coloboma
no_map	GARD:0004828 ! Short limbs abnormal face congenital heart disease
no_map	GARD:0004829 ! Short limbs subluxed knees cleft palate
no_map	GARD:0004836 ! Short ribs craniosynostosis polysyndactyly
no_map	GARD:0004837 ! Short stature abnormal skin pigmentation mental retardation
no_map	GARD:0004840 ! Short stature cranial hyperostosis hepatomegaly
no_map	GARD:0004842 ! Short stature dysmorphic face pelvic scapula dysplasia
no_map	GARD:0004846 ! Short stature mental retardation eye anomalies
no_map	GARD:0004849 ! Short stature microcephaly seizures deafness
no_map	GARD:0004850 ! Short stature monodactylous ectrodactyly cleft palate
no_map	GARD:0004851 ! Short stature prognathism short femoral necks
no_map	GARD:0004852 ! Short stature Robin sequence cleft mandible hand anomalies clubfoot
no_map	GARD:0004853 ! Short stature talipes natal teeth
no_map	GARD:0004854 ! Short stature valvular heart disease
no_map	GARD:0004860 ! Shoulder girdle defect mental retardation familial
no_map	GARD:0004871 ! Silvery hair syndrome
no_map	GARD:0004878 ! Single ventricular heart
no_map	GARD:0004888 ! Skeletal dysplasia orofacial anomalies
no_map	GARD:0004890 ! Skeleto cardiac syndrome with thrombocytopenia
no_map	GARD:0004894 ! Small non-cleaved cell lymphoma
no_map	GARD:0004906 ! Sosby syndrome
no_map	GARD:0004907 ! Sparse hair ptosis mental retardation
no_map	GARD:0004909 ! Spastic angina with healthy coronary artery
no_map	GARD:0004933 ! Spasticity mental retardation
no_map	GARD:0004948 ! Spine rigid cardiomyopathy
no_map	GARD:0004961 ! Spinocerebellar degenerescence book type
no_map	GARD:0004965 ! Split hand split foot malformation autosomal recessive
no_map	GARD:0005001 ! Stampe sorensen syndrome
no_map	GARD:0005010 ! Sterility due to immotile flagella
no_map	GARD:0005013 ! Sternal cyst vascular anomalies
no_map	GARD:0005014 ! Sternal malformation vascular dysplasia associatio
no_map	GARD:0005055 ! Succinic acidemia lactic acidosis congenital
no_map	GARD:0005069 ! Palmoplantar keratoderma of Sybert
no_map	GARD:0005072 ! Symphalangism brachydactyly craniosynostosis
no_map	GARD:0005076 ! Symphalangism short stature accessory testis
no_map	GARD:0005078 ! Syncamptodactyly scoliosis
no_map	GARD:0005083 ! Syndactyly cataract mental retardation
no_map	GARD:0005085 ! Syndactyly ectodermal dysplasia cleft lip palate hand foot
no_map	GARD:0005101 ! Syringomas natal teeth oligodontia
no_map	GARD:0005102 ! Syringomelia hyperkeratosis
no_map	GARD:0005106 ! Systemic necrotizing angitis
no_map	GARD:0005168 ! Coccygodynia
no_map	GARD:0005179 ! Thoracic celosomia
no_map	GARD:0005190 ! Thrombocytopenia cerebellar hypoplasia short stature
no_map	GARD:0005198 ! Thumb absent short stature immune deficiency
no_map	GARD:0005213 ! Tibial aplasia ectrodactyly hydrocephalus
no_map	GARD:0005214 ! Tibial hemimelia cleft lip palate
no_map	GARD:0005223 ! Toni-Debre-Fanconi syndrome
no_map	GARD:0005236 ! Tracheoesophageal fistula symphalangism
no_map	GARD:0005237 ! Tracheophageal fistula hypospadias
no_map	GARD:0005253 ! Tricho odonto onycho dermal syndrome
no_map	GARD:0005254 ! Tricho odonto onychodysplasia syndactyly dominant type
no_map	GARD:0005255 ! Tricho onychic dysplasia
no_map	GARD:0005256 ! Tricho onycho hypohidrotic dysplasia
no_map	GARD:0005282 ! Trigonomacrocephaly tibial defect polydactyly
no_map	GARD:0005283 ! Trihydroxycholestanoylcoa oxidase isolated deficiency
no_map	GARD:0005311 ! Chromosome 14q duplication
no_map	GARD:0005314 ! Chromosome 15q duplication
no_map	GARD:0005315 ! Chromosome 16p duplication
no_map	GARD:0005316 ! Chromosome 16q duplication
no_map	GARD:0005320 ! Chromosome 17q duplication
no_map	GARD:0005324 ! Chromosome 18q duplication
no_map	GARD:0005326 ! Chromosome 19q duplication
no_map	GARD:0005337 ! Chromosome 2p duplication
no_map	GARD:0005340 ! Chromosome 2q duplication
no_map	GARD:0005343 ! Chromosome 3p duplication
no_map	GARD:0005351 ! Chromosome 5q duplication
no_map	GARD:0005352 ! Chromosome 6p duplication
no_map	GARD:0005353 ! Chromosome 6q duplication
no_map	GARD:0005355 ! Chromosome 7p duplication
no_map	GARD:0005357 ! Chromosome 7q duplication
no_map	GARD:0005378 ! Tsukahara Azuno Kajii syndrome
no_map	GARD:0005416 ! Uniparental disomy of  6
no_map	GARD:0005448 ! Van Allen Myhre syndrome
no_map	GARD:0005474 ! Ventricular fibrillation, idiopathic
no_map	GARD:0005477 ! Ventruto Digirolamo Festa syndrome
no_map	GARD:0005492 ! Viljoen Winship syndrome
no_map	GARD:0005498 ! Vitamin A embryopathy
no_map	GARD:0005504 ! Vitiligo mental retardation facial dysmorphism uremia
no_map	GARD:0005543 ! Weaver Johnson syndrome
no_map	GARD:0005553 ! Weleber Hecht Bigley syndrome
no_map	GARD:0005567 ! Wiedemann Opitz syndrome
no_map	GARD:0005570 ! Wilkes Stevenson syndrome
no_map	GARD:0005574 ! Willems De vries syndrome
no_map	GARD:0005585 ! Wisconsin syndrome
no_map	GARD:0005606 ! X-linked mental retardation craniofacial abnormal microcephaly club
no_map	GARD:0005607 ! X-linked mental retardation De silva type
no_map	GARD:0005612 ! X-linked mental retardation type Martinez
no_map	GARD:0005613 ! X-linked mental retardation type Raynaud
no_map	GARD:0005614 ! X-linked mental retardation type Schutz
no_map	GARD:0005625 ! Xeroderma pigmentosum, type 2
no_map	GARD:0005631 ! Xeroderma talipes enamel defects
no_map	GARD:0005651 ! Polymorphous low-grade adenocarcinoma
no_map	GARD:0005763 ! Ahumada Del Castillo syndrome
no_map	GARD:0005765 ! AIDS dysmorphic syndrome
no_map	GARD:0005776 ! Allergic angiitis
no_map	GARD:0005777 ! Allergic autoimmune thyroiditis
no_map	GARD:0005779 ! Allergic encephalomyelitis
no_map	GARD:0005793 ! Aminoacidopathies
no_map	GARD:0005794 ! Aminoaciduria
no_map	GARD:0005811 ! Angioimmunoblastic lymphadenopathy with dysproteinemia
no_map	GARD:0005814 ! Angiosarcoma of the scalp
no_map	GARD:0005866 ! Atrophoderma of Pierini and Pasini
no_map	GARD:0005901 ! Becker's nevus
no_map	GARD:0005921 ! Potter syndrome type 4
no_map	GARD:0005951 ! Bowenoid papulosis
no_map	GARD:0005994 ! Carcinoid syndrome
no_map	GARD:0005996 ! Carcinoma of the vocal tract
no_map	GARD:0006004 ! Cartilaginous cancer
no_map	GARD:0006019 ! Cerebellar degeneration
no_map	GARD:0006050 ! Chondrodysplasia punctata with steroid sulfatase deficiency
no_map	GARD:0006057 ! Chorea minor
no_map	GARD:0006065 ! Chromosomal triplication
no_map	GARD:0006075 ! Chromosome 17p deletion
no_map	GARD:0006090 ! Chromosome 4p deletion
no_map	GARD:0006099 ! Chronic erosive gastritis
no_map	GARD:0006137 ! Colonic malakoplakia
no_map	GARD:0006150 ! Congenital arteriovenous shunt
no_map	GARD:0006154 ! Congenital cardiovascular shunt
no_map	GARD:0006170 ! Congenital hypomyelination neuropathy
no_map	GARD:0006177 ! Congenital nonhemolytic jaundice
no_map	GARD:0006193 ! Cor biloculare
no_map	GARD:0006200 ! Coronary artery aneurysm
no_map	GARD:0006205 ! Cramp-fasciculation syndrome
no_map	GARD:0006232 ! Cystic adenomatoid malformation of lung
no_map	GARD:0006240 ! D-minus hemolytic uremic syndrome (D-HUS)
no_map	GARD:0006241 ! D-plus hemolytic uremic syndrome (D+HUS)
no_map	GARD:0006268 ! Dextrocardia with situs inversus
no_map	GARD:0006285 ! Doxorubicin induced cardiomyopathy
no_map	GARD:0006314 ! Eccentrochondrodysplasia
no_map	GARD:0006324 ! Elective mutism
no_map	GARD:0006335 ! Enchondroma
no_map	GARD:0006343 ! Enteropathica
no_map	GARD:0006346 ! Eosinophilic cryptitis
no_map	GARD:0006347 ! Eosinophilic cystitis
no_map	GARD:0006378 ! Erythroplakia
no_map	GARD:0006392 ! Exercise induced anaphylaxis
no_map	GARD:0006430 ! Nonalcoholic steatohepatitis
no_map	GARD:0006439 ! Fibromatosis
no_map	GARD:0006491 ! Generalized torsion dystonia
no_map	GARD:0006506 ! Gigantism
no_map	GARD:0006518 ! Glossodynia
no_map	GARD:0006547 ! Granulomatous hypophysitis
no_map	GARD:0006548 ! Granulomatous rosacea
no_map	GARD:0006552 ! Growth hormone deficiency
no_map	GARD:0006592 ! Hemophilic arthropathy
no_map	GARD:0006593 ! Hemorrhagic fever
no_map	GARD:0006597 ! Hepadnavirus infection
no_map	GARD:0006627 ! Hereditary hyperuricemia
no_map	GARD:0006634 ! Hereditary peripheral nervous disorder
no_map	GARD:0006640 ! Hereditary type 1 neuropathy
no_map	GARD:0006641 ! Hereditary type 2 neuropathy
no_map	GARD:0006654 ! Herpesvirus simiae B virus
no_map	GARD:0006668 ! Homologous wasting disease
no_map	GARD:0006684 ! Hyper-reninism
no_map	GARD:0006717 ! Hypertrophic branchial myopathy
no_map	GARD:0006722 ! Hypoadrenalism
no_map	GARD:0006730 ! Hypoketonemic hypoglycemia
no_map	GARD:0006740 ! Hyporeninemic hypoaldosteronism
no_map	GARD:0006759 ! Idiopathic edema
no_map	GARD:0006768 ! Immune thrombocytopenia
no_map	GARD:0006774 ! Inborn renal aminoaciduria
no_map	GARD:0006782 ! Infectious myocarditis
no_map	GARD:0006784 ! Inflammatory breast cancer
no_map	GARD:0006786 ! Intercellular cholesterol esterification disease
no_map	GARD:0006896 ! Leukomalacia
no_map	GARD:0006910 ! Lipogranulomatosis
no_map	GARD:0006920 ! Loin pain hematuria syndrome
no_map	GARD:0006936 ! Lymphatic neoplasm
no_map	GARD:0006938 ! Lymphocytes absent
no_map	GARD:0006945 ! Lymphomatous thyroiditis
no_map	GARD:0006981 ! Marie type ataxia
no_map	GARD:0007030 ! Metastatic insulinoma
no_map	GARD:0007036 ! Microcephaly with chorioretinopathy, autosomal dominant form
no_map	GARD:0007048 ! Mitochondrial genetic disorders
no_map	GARD:0007054 ! Mondor disease
no_map	GARD:0007061 ! Motor neuro-ophthalmic disorders
no_map	GARD:0007099 ! Mullerian agenesis
no_map	GARD:0007104 ! Multiple carboxylase deficiency, propionic acidemia
no_map	GARD:0007125 ! Mycoplasmal pneumonia
no_map	GARD:0007142 ! Myoclonus epilepsy
no_map	GARD:0007143 ! Myoclonus epilepsy partial seizure
no_map	GARD:0007145 ! Myofibrillar lysis
no_map	GARD:0007148 ! Myopathy with lysis of myofibrils
no_map	GARD:0007153 ! Myotonia atrophica
no_map	GARD:0007169 ! Neisseria meningitidis infection
no_map	GARD:0007189 ! Neuroendocrine carcinoma of the cervix
no_map	GARD:0007194 ! Neurogenic hypertension
no_map	GARD:0007196 ! Neuroma biliary tract
no_map	GARD:0007198 ! Neuronal interstitial dysplasia
no_map	GARD:0007222 ! Nonsyndromic hereditary sensorineural hearing loss
no_map	GARD:0007225 ! Notalgia paresthetica
no_map	GARD:0007248 ! Ogilvie syndrome
no_map	GARD:0007260 ! Oral leukoplakia
no_map	GARD:0007266 ! Oral pharyngeal disorders
no_map	GARD:0007272 ! Ornithinemia
no_map	GARD:0007293 ! Oto-Palatal-digital syndrome
no_map	GARD:0007297 ! Ovarian remnant syndrome
no_map	GARD:0007300 ! Pachygyria
no_map	GARD:0007331 ! Parenchymatous cortical degeneration of cerebellum
no_map	GARD:0007346 ! Pediatric T-cell leukemia
no_map	GARD:0007361 ! Perilymphatic fistula
no_map	GARD:0007362 ! Perimyositis
no_map	GARD:0007386 ! Philadelphia-negative chronic myeloid leukemia
no_map	GARD:0007400 ! Pityriasis lichenoides chronica
no_map	GARD:0007409 ! Pneumocystic carinii pneumonia
no_map	GARD:0007414 ! Periarteritis nodosa
no_map	GARD:0007415 ! Cutaneous polyarteritis nodosa
no_map	GARD:0007431 ! Procarcinoma
no_map	GARD:0007434 ! Post-infectious myocarditis
no_map	GARD:0007455 ! Primary agammaglobulinemia
no_map	GARD:0007480 ! Prurigo nodularis
no_map	GARD:0007487 ! Pseudomonas stutzeri infections
no_map	GARD:0007503 ! Punctate inner choroidopathy
no_map	GARD:0007507 ! Hereditary orotic aciduria without megaloblastic anaemia
no_map	GARD:0007519 ! Radiation induced cancer
no_map	GARD:0007527 ! Rasmussen encephalitis
no_map	GARD:0007624 ! Selenium poisoning
no_map	GARD:0007644 ! Sideroblastic anemia acquired
no_map	GARD:0007648 ! Simian B virus infection
no_map	GARD:0007650 ! Sinus cancer
no_map	GARD:0007675 ! Spinal bulbar motor neuropathy
no_map	GARD:0007680 ! Spinal shock
no_map	GARD:0007719 ! Synovial cancer
no_map	GARD:0007724 ! Syringobulbia
no_map	GARD:0007760 ! Thrombasthenia
no_map	GARD:0007767 ! Thymoma, childhood
no_map	GARD:0007781 ! TORCH syndrome
no_map	GARD:0007796 ! Transverse myelitis
no_map	GARD:0007798 ! Treponema infection
no_map	GARD:0007815 ! Mosaic trisomy 6
no_map	GARD:0007821 ! Chromosome 9q duplication
no_map	GARD:0007828 ! Tuberculous meningitis
no_map	GARD:0007829 ! Tuberculous uveitis
no_map	GARD:0007857 ! Virus associated hemophagocytic syndrome
no_map	GARD:0008160 ! Hutchinson incisors
no_map	GARD:0008162 ! Myxozoa
no_map	GARD:0008168 ! Pontoneocerebellar Hypoplasia
no_map	GARD:0008171 ! Candida glabrata
no_map	GARD:0008177 ! Basedow's coma
no_map	GARD:0008199 ! Acute myeloid leukemia, childhood
no_map	GARD:0008208 ! HTLV-1 associated myelopathy/tropical spastic paraparesis
no_map	GARD:0008215 ! Mondini dysplasia
no_map	GARD:0008217 ! Lymphoma, small cleaved-cell, follicular
no_map	GARD:0008218 ! Lymphoma, small cleaved-cell, diffuse
no_map	GARD:0008227 ! Leukemia, B-cell, chronic
no_map	GARD:0008258 ! Mediastinal endodermal sinus tumors
no_map	GARD:0008267 ! Morel's ear
no_map	GARD:0008313 ! Angiomyomatous Hamartoma
no_map	GARD:0008320 ! Mosaic monosomy 22
no_map	GARD:0008324 ! Swyer-James syndrome
no_map	GARD:0008325 ! Trisomy 11 mosaicism
no_map	GARD:0008357 ! Aluminium lung
no_map	GARD:0008358 ! Shaver's disease
no_map	GARD:0008359 ! Graphite Pneumoconiosis
no_map	GARD:0008374 ! Labrador lung
no_map	GARD:0008379 ! Arachindonic acid, absence of
no_map	GARD:0008383 ! Biliary hypoplasia
no_map	GARD:0008386 ! Global disaccharide intolerance
no_map	GARD:0008388 ! Hydroxycarboxylic aciduria
no_map	GARD:0008395 ! Leukodystrophy, pseudometachromatic
no_map	GARD:0008417 ! Renal cell carcinoma 4
no_map	GARD:0008460 ! Anton's syndrome
no_map	GARD:0008540 ! Trypanosomiasis, Human West-African
no_map	GARD:0008569 ! Warthin tumor
no_map	GARD:0008607 ! Familial partial paralysis
no_map	GARD:0008641 ! Adnexal spiradenoma/cylindroma of a sweat gland
no_map	GARD:0008648 ! Desmoplastic infantile ganglioglioma
no_map	GARD:0008650 ! Embryonal sarcoma
no_map	GARD:0008655 ! Familial interstitial fibrosis
no_map	GARD:0008659 ! Fibular aplasia
no_map	GARD:0008668 ! Chromosome 22q deletion
no_map	GARD:0008669 ! Chromosome 1q deletion
no_map	GARD:0008676 ! Weber syndrome
no_map	GARD:0008677 ! Y chromosome pericentric inversion
no_map	GARD:0008680 ! Wolffian tumor
no_map	GARD:0008685 ! Stachybotrys chartarum
no_map	GARD:0008687 ! Non-A-E hepatitis
no_map	GARD:0008704 ! Benign angiitis of the central nervous system
no_map	GARD:0008712 ! Hemoglobinemia
no_map	GARD:0008741 ! Unilateral absence of a pulmonary artery
no_map	GARD:0008746 ! Sjogren's syndrome, juvenile, secondary to autoimmune disease
no_map	GARD:0009120 ! Toni-Fanconi syndrome
no_map	GARD:0009130 ! Multicore disease
no_map	GARD:0009131 ! Infective myositis
no_map	GARD:0009132 ! Adult progressive spinal muscular atrophy Aran Duchenne type
no_map	GARD:0009133 ! Pseudomyotonia
no_map	GARD:0009135 ! Muscular Dystrophy - Late Onset
no_map	GARD:0009136 ! Ocular Muscular Dystrophy
no_map	GARD:0009137 ! Ophthalmoplegic Muscular dystrophy
no_map	GARD:0009147 ! Minimal change disease
no_map	GARD:0009211 ! Aglossia and Situs Inversus
no_map	GARD:0009221 ! Asternia
no_map	GARD:0009222 ! Asternia with Cardiac, Diaphragmatic, and Abdominal defects
no_map	GARD:0009236 ! Disseminated infection with mycobacterium avium complex
no_map	GARD:0009243 ! Bilirubin induced brain injury in the newborn
no_map	GARD:0009244 ! Cervical intraepithelial neoplasia
no_map	GARD:0009270 ! Endolymphatic sac tumor
no_map	GARD:0009273 ! Hereditary cerebellar ataxia syndrome of early onset
no_map	GARD:0009301 ! Cerebellar astrocytoma, childhood
no_map	GARD:0009305 ! Bladder cancer, childhood
no_map	GARD:0009308 ! Supratentorial primitive neuroectodermal tumors, childhood
no_map	GARD:0009309 ! Visual pathway and hypothalamic glioma, childhood
no_map	GARD:0009310 ! Brain tumor, childhood
no_map	GARD:0009311 ! Breast cancer, childhood
no_map	GARD:0009313 ! Bronchial adenomas/carcinoids childhood
no_map	GARD:0009315 ! Carcinoid tumor childhood
no_map	GARD:0009319 ! Chronic myeloproliferative disorders
no_map	GARD:0009320 ! Colorectal cancer, childhood
no_map	GARD:0009321 ! Esophageal cancer, childhood
no_map	GARD:0009324 ! Extracranial germ cell tumor, childhood
no_map	GARD:0009329 ! Stomach cancer, childhood
no_map	GARD:0009332 ! Hodgkin lymphoma, childhood
no_map	GARD:0009333 ! Hodgkin lymphoma, during pregnancy
no_map	GARD:0009340 ! Kidney cancer, childhood
no_map	GARD:0009341 ! Laryngeal cancer, childhood
no_map	GARD:0009342 ! Lip and oral cavity cancer
no_map	GARD:0009343 ! Non-small cell lung cancer, childhood
no_map	GARD:0009344 ! Small cell lung cancer, adult
no_map	GARD:0009345 ! Small cell lung cancer,  childhood
no_map	GARD:0009346 ! Non-Hodgkin lymphoma, childhood
no_map	GARD:0009347 ! Non-Hodgkin lymphoma, during pregnancy
no_map	GARD:0009353 ! Nasal cavity cancer, childhood
no_map	GARD:0009354 ! Paranasal sinus cancer, adult
no_map	GARD:0009355 ! Paranasal sinus cancer, childhood
no_map	GARD:0009357 ! Nasopharyngeal cancer, childhood
no_map	GARD:0009359 ! Oropharyngeal cancer, childhood
no_map	GARD:0009360 ! Oral cancer
no_map	GARD:0009361 ! Ovarian cancer, childhood
no_map	GARD:0009365 ! Parathyroid cancer, childhood
no_map	GARD:0009367 ! Penile cancer, childhood
no_map	GARD:0009370 ! Pineoblastoma, childhood
no_map	GARD:0009373 ! Plasma cell leukemia
no_map	GARD:0009375 ! Rectal cancer, childhood
no_map	GARD:0009376 ! Transitional cell cancer of the renal pelvis and ureter
no_map	GARD:0009377 ! Salivary gland cancer, adult
no_map	GARD:0009378 ! Salivary gland cancer, childhood
no_map	GARD:0009380 ! Soft tissue sarcoma childhood
no_map	GARD:0009382 ! Skin cancer, non melanoma, childhood
no_map	GARD:0009383 ! Uterine sarcoma
no_map	GARD:0009384 ! Metastatic squamous neck cancer with occult primary
no_map	GARD:0009386 ! Small intestine cancer, childhood
no_map	GARD:0009387 ! Testicular cancer, childhood
no_map	GARD:0009388 ! Thyroid cancer, childhood
no_map	GARD:0009390 ! Urethral cancer
no_map	GARD:0009392 ! Carcinoma of unknown primary site, childhood
no_map	GARD:0009413 ! De Quervain's disease
no_map	GARD:0009414 ! Neuromyelitis optica spectrum disorder
no_map	GARD:0009415 ! Paraneoplastic Neurologic Disorders
no_map	GARD:0009416 ! Post-Streptococcal Neurologic Disorders
no_map	GARD:0009422 ! Melanocytic lesions of CNS
no_map	GARD:0009432 ! Hemolytic uremic syndrome, atypical, childhood
no_map	GARD:0009434 ! Sudden Arrhythmia Death Syndrome
no_map	GARD:0009450 ! Gigantomastia
no_map	GARD:0009460 ! Ovarian insufficiency, familial
no_map	GARD:0009478 ! Supraglottic laryngeal cancer
no_map	GARD:0009482 ! Sixth nerve palsy
no_map	GARD:0009484 ! Superficial siderosis of the central nervous system
no_map	GARD:0009513 ! Linear scleroderma
no_map	GARD:0009515 ! Linear porokeratosis
no_map	GARD:0009519 ! Autoimmune myocarditis
no_map	GARD:0009521 ! CD3 deficiency
no_map	GARD:0009523 ! CD4 deficiency
no_map	GARD:0009527 ! Complement receptor deficiency
no_map	GARD:0009529 ! Cytokine deficiency
no_map	GARD:0009530 ! Cytokine receptor deficiency
no_map	GARD:0009537 ! Haemophilus influenzae
no_map	GARD:0009542 ! Herpes simiae (B virus)
no_map	GARD:0009544 ! Leucocyte adhesion defect
no_map	GARD:0009546 ! Meliodosis
no_map	GARD:0009549 ! Nasal polyposis, familial
no_map	GARD:0009552 ! Polyomavirus allograft nephropathy
no_map	GARD:0009561 ! Streptococcal Group A invasive disease
no_map	GARD:0009575 ! Chromophil renal cell carcinoma
no_map	GARD:0009617 ! Desmoplastic infantile astrocytoma
no_map	GARD:0009622 ! Polymorphic reticulosis
no_map	GARD:0009624 ! Bednar's tumor
no_map	GARD:0009645 ! Human T-cell leukemia virus type 1
no_map	GARD:0009669 ! Laugier-Hunziker syndrome
no_map	GARD:0009720 ! Orbital lymphangioma
no_map	GARD:0009724 ! Nipah virus encephalitis
no_map	GARD:0009750 ! Di Guglielmo's syndrome
no_map	GARD:0009752 ! Cutaneous sclerosis
no_map	GARD:0009768 ! Pityriasis lichenoides et varioliformis acuta
no_map	GARD:0009771 ! Clostridium sordellii infection
no_map	GARD:0009772 ! Stenotrophomonas maltophilia infection
no_map	GARD:0009773 ! Mycobacterium fortuitum
no_map	GARD:0009774 ! Pasteurella multocida infection
no_map	GARD:0009783 ! Human T-cell leukemia virus type 2
no_map	GARD:0009784 ! Human T-cell leukemia virus type 3
no_map	GARD:0009785 ! Streptococcal Group B invasive disease
no_map	GARD:0009786 ! Group B strep disease in newborns
no_map	GARD:0009801 ! Non-dystrophic myotonic disorders
no_map	GARD:0009820 ! Catastrophic antiphospholipid syndrome
no_map	GARD:0009823 ! Acardia
no_map	GARD:0009853 ! Inherited bone marrow failure syndromes
no_map	GARD:0009960 ! Superficial spreading melanoma
no_map	GARD:0009961 ! Nodular melanoma
no_map	GARD:0009962 ! Lentigo maligna melanoma
no_map	GARD:0010006 ! Brenner tumor of the vagina
no_map	GARD:0010038 ! Pleomorphic malignant fibrous histiocytoma
no_map	GARD:0010158 ! Torsion dystonia
no_map	GARD:0010183 ! Hemoglobin Zurich
no_map	GARD:0010192 ! Thymic hyperplasia
no_map	GARD:0010196 ! Mesenteric artery ischemia
no_map	GARD:0010257 ! Monogenic diabetes
no_map	GARD:0010269 ! Pancreatitis, pediatric
no_map	GARD:0010276 ! Windblown hand
no_map	GARD:0010278 ! Aquagenic pruritus
no_map	GARD:0010279 ! Fasting hypoglycemia
no_map	GARD:0010293 ! Spastic paraplegia and distal muscle wasting caused by neuropathy target esterase gene mutation
no_map	GARD:0010294 ! Autosomal recessive cerebellar ataxia with cabc1/adck3 gene mutations
no_map	GARD:0010298 ! Anophthalmia or microphthalmia, retinal dystrophy and/or myopia associated with brain anomalies
no_map	GARD:0010301 ! Best1 retinopathy
no_map	GARD:0010305 ! Mitochondrial disease with severe hypotonia, lactic acidaemia and hyperammonemia
no_map	GARD:0010310 ! Autoimmune atrophic gastritis
no_map	GARD:0010330 ! Pontine hemorrhage
no_map	GARD:0010343 ! Charles Bonnet syndrome
no_map	GARD:0010369 ! Carotidynia
no_map	GARD:0010370 ! Rhabdomyomatous mesenchymal hamartoma
no_map	GARD:0010371 ! Immunoglobulin G deficiency
no_map	GARD:0010375 ! Clostridium difficile
no_map	GARD:0010409 ! Primary gastrointestinal melanoma
no_map	GARD:0010410 ! Primary malignant melanoma of the conjunctiva
no_map	GARD:0010431 ! Endemic Kaposi sarcoma
no_map	GARD:0010440 ! Neonatal meningitis
no_map	GARD:0010442 ! Cassavism
no_map	GARD:0010443 ! Pediatric multiple sclerosis
no_map	GARD:0010444 ! Neonatal stroke
no_map	GARD:0010454 ! Brunsting-Perry syndrome
no_map	GARD:0010455 ! Familial pulmonary arterial hypertension leucopenia and atrial septal defect
no_map	GARD:0010458 ! Recessive developmental delay, small stature, microcephaly and brain calcifications
no_map	GARD:0010459 ! Cerebrocostomandibular-like syndrome
no_map	GARD:0010460 ! Mahvash disease
no_map	GARD:0010464 ! Malignant cylindroma
no_map	GARD:0010465 ! Eccrine mucinous carcinoma
no_map	GARD:0010467 ! Multifocal lymphangioendotheliomatosis with thrombocytopenia
no_map	GARD:0010468 ! Cardiac rupture
no_map	GARD:0010470 ! BK-virus nephropathy
no_map	GARD:0010473 ! Usual interstitial pneumonia
no_map	GARD:0010482 ! Indolent B cell lymphoma
no_map	GARD:0010493 ! Aggressive NK cell leukemia
no_map	GARD:0010495 ! Wilson-Mikity syndrome
no_map	GARD:0010505 ! Cryptophthalmos
no_map	GARD:0010527 ! Levy-Yeboa syndrome
no_map	GARD:0010531 ! Vernal keratitis
no_map	GARD:0010548 ! Mycobacterium Abscessus
no_map	GARD:0010549 ! Mycobacterium Malmoense
no_map	GARD:0010551 ! Mycobacterium Kansasii
no_map	GARD:0010552 ! Mycobacterium Chelonae
no_map	GARD:0010553 ! Mycobacterium Gordonae
no_map	GARD:0010555 ! Trabecular myopathy
no_map	GARD:0010559 ! Children's interstitial lung disease
no_map	GARD:0010562 ! Amyloidosis nodular localized cutaneous
no_map	GARD:0010565 ! Pseudo Pelger-Huet anomaly
no_map	GARD:0010569 ! Guttate psoriasis
no_map	GARD:0010575 ! PROSTAGLANDIN-ENDOPEROXIDE SYNTHASE DEFICIENCY
no_map	GARD:0010577 ! ALK+ histiocytosis
no_map	GARD:0010596 ! Androgen insensitivity syndrome, mild
no_map	GARD:0010617 ! Congenital cystic eye
no_map	GARD:0010646 ! Teratoma with malignant transformation
no_map	GARD:0010664 ! Baroreflex failure
no_map	GARD:0010665 ! Familial bilateral striatal necrosis
no_map	GARD:0010669 ! Double inferior vena cava
no_map	GARD:0010673 ! Cardioencephalomyopathy
no_map	GARD:0010721 ! Kingella infections
no_map	GARD:0010723 ! Pineal cyst
no_map	GARD:0010724 ! Bone marrow necrosis
no_map	GARD:0010725 ! Odontogenic myxoma
no_map	GARD:0010733 ! Intravascular papillary endothelial hyperplasia
no_map	GARD:0010743 ! Persistent genital arousal disorder
no_map	GARD:0010745 ! Orbital melanoma
no_map	GARD:0010749 ! Chromhidrosis
no_map	GARD:0010750 ! Diffuse cavernous hemangioma of the rectum
no_map	GARD:0010757 ! Exogenous ochronosis
no_map	GARD:0010765 ! Chromosome 9 inversion
no_map	GARD:0010776 ! Benign metastasizing leiomyoma
no_map	GARD:0010780 ! Diffuse idiopathic pulmonary neuroendocrine cell hyperplasia
no_map	GARD:0010795 ! Hemicrania continua
no_map	GARD:0010797 ! New daily-persistent headache
no_map	GARD:0010798 ! Thunderclap headache
no_map	GARD:0010799 ! Cough headache
no_map	GARD:0010800 ! Exertional headache
no_map	GARD:0010807 ! Infantile scoliosis
no_map	GARD:0010808 ! Insulin autoimmune syndrome
no_map	GARD:0010819 ! Sickle delta beta thalassemia
no_map	GARD:0010825 ! Tufted hair folliculitis
no_map	GARD:0010826 ! Central centrifugal cicatricial alopecia
no_map	GARD:0010827 ! KSHV inflammatory cytokine syndrome
no_map	GARD:0010832 ! Chromosome 1p duplication
no_map	GARD:0010833 ! Chromosome 19q deletion
no_map	GARD:0010834 ! Chromosome 19p duplication
no_map	GARD:0010835 ! Chromosome 19p deletion
no_map	GARD:0010836 ! Chromosome 2p deletion
no_map	GARD:0010838 ! Chromosome 3q deletion
no_map	GARD:0010843 ! Chromosome 6p deletion
no_map	GARD:0010844 ! Chromosome 9q deletion
no_map	GARD:0010845 ! Chromosome 11p duplication
no_map	GARD:0010847 ! Chromosome 12q deletion
no_map	GARD:0010854 ! Chromosome 16q deletion
no_map	GARD:0010856 ! Chromosome 20q duplication
no_map	GARD:0010857 ! Chromosome 20q deletion
no_map	GARD:0010858 ! Chromosome 21q duplication
no_map	GARD:0010862 ! Chromosome 22q duplication
no_map	GARD:0010868 ! Mollaret meningitis
no_map	GARD:0010869 ! Mosaic trisomy 13
no_map	GARD:0010888 ! Diffuse dermal angiomatosis
no_map	GARD:0010904 ! Pityriasis rotunda
no_map	GARD:0010908 ! Congenital extrahepatic portosystemic shunt
no_map	GARD:0010918 ! Idiopathic spinal cord herniation
no_map	GARD:0010920 ! Localized hypertrophic neuropathy
no_map	GARD:0010926 ! Pulmonary hyalinizing granuloma
no_map	GARD:0010931 ! Orbital varix
no_map	GARD:0010932 ! Ocular neuromyotonia
no_map	GARD:0010952 ! Bow hunter's stroke
no_map	GARD:0010961 ! Collagenous gastritis
no_map	GARD:0010968 ! Pauciarticular onset juvenile idiopathic arthritis
no_map	GARD:0010969 ! Enthesitis-related juvenile idiopathic arthritis
no_map	GARD:0010976 ! Ulcerative proctitis
no_map	GARD:0010978 ! Chromosome Xp deletion
no_map	GARD:0010979 ! Lymphangiomatosis
no_map	GARD:0010982 ! Isochromosome Yp
no_map	GARD:0010990 ! Chromosome 15q25.2 microdeletion
no_map	GARD:0010993 ! Superior semicircular canal dehiscence syndrome
no_map	GARD:0011002 ! Chromosome Xq deletion
no_map	GARD:0011012 ! Refractory cytopenia with unilineage dysplasia
no_map	GARD:0011856 ! Sndrome de Noonan
no_map	GARD:0011857 ! Cncer gstrico difuso
no_map	GARD:0011860 ! Sndrome de Li-Fraumeni
no_map	GARD:0011861 ! Sndrome de McCune-Albright
no_map	GARD:0011862 ! Sndrome de Noonan 1
no_map	GARD:0011863 ! Pioderma gangrenosum
no_map	GARD:0011864 ! Atrofia muscular espinal
no_map	GARD:0011869 ! Agenesia del cuerpo calloso
no_map	GARD:0011876 ! Enfermedad de Charcot-Marie-Tooth
no_map	GARD:0011878 ! Miohiperplasia hemifacial
no_map	GARD:0011879 ! Sndrome X frgil
no_map	GARD:0011880 ! Linfohistiocitosis hemofagoctica
no_map	GARD:0011881 ! Sndrome de Noonan 3
no_map	GARD:0011883 ! Sndrome de Down
no_map	GARD:0011884 ! Sndrome de Noonan 2
no_map	GARD:0011885 ! Sndrome de Noonan 4
no_map	GARD:0011886 ! Sndrome de Noonan 5
no_map	GARD:0011887 ! Sndrome de Noonan 6
no_map	GARD:0011889 ! Cncer gstrico difuso hereditario
no_map	GARD:0011891 ! Propriospinal myoclonus
no_map	GARD:0011900 ! Brittle diabetes
no_map	GARD:0011909 ! Engraftment syndrome
no_map	GARD:0011912 ! Gliomatosis peritonei
no_map	GARD:0011916 ! Carbamyl Phosphate Synthetase
no_map	GARD:0011917 ! Autoimmune autonomic ganglionopathy
no_map	GARD:0011919 ! Numeric sex chromosome variations
no_map	GARD:0011920 ! 47, XXY
no_map	GARD:0011921 ! Pediatric hypertension
no_map	GARD:0011922 ! Koro
no_map	GARD:0011924 ! Carcinoma showing thymus-like differentiation
no_map	GARD:0011928 ! Juvenile-onset small-fiber polyneuropathy
no_map	GARD:0011930 ! Depression
no_map	GARD:0011945 ! Diabetes
no_map	GARD:0011953 ! Non-Hodgkin's lymphoma
no_map	GARD:0011968 ! Lactobezoar
no_map	GARD:0011969 ! Clostridium septicum infection
no_map	GARD:0011970 ! Clostridium perfringens infection
no_map	GARD:0011975 ! 15q13.3 microduplication syndrome
no_map	GARD:0011976 ! Cystic adventitial disease
no_map	GARD:0011977 ! Prosthetic joint infection
no_map	GARD:0011978 ! Sclerosing mucoepidermoid carcinoma with eosinophilia
no_map	GARD:0011979 ! Autoimmune encephalitis
no_map	GARD:0011988 ! Morfea
no_map	GARD:0011997 ! Distrofia de conos
no_map	GARD:0012003 ! Mesangioproliferative glomerulopathy
no_map	GARD:0012009 ! Enfermedad de Still del adulto
no_map	GARD:0012012 ! Pseudobulbar affect
no_map	GARD:0012013 ! Demoplastic fibroma
no_map	GARD:0012019 ! Suprasellar germ cell tumor
no_map	GARD:0012023 ! Cardiac fibroma
no_map	GARD:0012026 ! Giant cell epulis
no_map	GARD:0012029 ! Mixed pattern hyperplasia
no_map	GARD:0012030 ! Mixed glioneuronal tumour
no_map	GARD:0012031 ! Solid pseudopapillary tumor of the pancreas
no_map	GARD:0012034 ! Autoimmune retinopathy
no_map	GARD:0012035 ! Airway-centered interstitial fibrosis
no_map	GARD:0012041 ! Melanoma-associated retinopathy
no_map	GARD:0012045 ! Sndrome de Axenfeld-Rieger
no_map	GARD:0012047 ! Extracranial arteriovenous malformation
no_map	GARD:0012050 ! Congenital ichthyosis of skin
no_map	GARD:0012051 ! Cortical dysplasia
no_map	GARD:0012052 ! Demyelinating disease of central nervous system
no_map	GARD:0012053 ! Lipomeningocele
no_map	GARD:0012062 ! Visual snow syndrome
no_map	GARD:0012063 ! Autoimmune gastrointestinal dysmotility
no_map	GARD:0012064 ! Sndrome de KBG
no_map	GARD:0012072 ! Enfermedad de Hashimoto
no_map	GARD:0012075 ! Nevus mucinosis
no_map	GARD:0012078 ! Hypoganglionosis
no_map	GARD:0012098 ! Deficiencia de la lipasa cida lisosmica
no_map	GARD:0012100 ! Enfermedad por almacenamiento de steres de colesterol
no_map	GARD:0012101 ! Enfermedad de Wolman
no_map	GARD:0012113 ! Trochleitis
no_map	GARD:0012130 ! Eosinophilic mastitis
no_map	GARD:0012147 ! Insensibilidad congnita al dolor
no_map	GARD:0012173 ! CDKL5-related disorder
no_map	GARD:0012182 ! PIK3CA-associated segmental overgrowth
no_map	GARD:0012197 ! Infantile Myofibroma
no_map	GARD:0012202 ! Atrofia muscular espinal tipo 2
no_map	GARD:0012203 ! Atrofia muscular espinal tipo 3
no_map	GARD:0012204 ! Atrofia muscular espinal tipo 4
no_map	GARD:0012215 ! Sndrome nefrtico
no_map	GARD:0012222 ! Bronquiolitis obliterante
no_map	GARD:0012242 ! Sndrome 47, XYY
no_map	GARD:0012260 ! Sndrome del ojo de gato
no_map	GARD:0012269 ! Hemihipertrofia
no_map	GARD:0012270 ! Sndrome de Beckwith-Wiedemann
no_map	GARD:0012282 ! Sndrome de Lynch
no_map	GARD:0012285 ! Ovarian sex cord tumor with annular tubules
no_map	GARD:0012288 ! Disostosis espondilotorcica
no_map	GARD:0012289 ! Ictiosis recesiva ligada al cromosoma X
no_map	GARD:0012318 ! Enfermedad de Danon
no_map	GARD:0012323 ! Sndrome de Ehlers-Danlos
no_map	GARD:0012324 ! Seudotumor cerebri
no_map	GARD:0012327 ! Metacondromatosis
no_map	GARD:0012329 ! Liquen plano pigmentoso
no_map	GARD:0012343 ! Ataxia espinocerebelar
no_map	GARD:0012345 ! Sndrome de MonoMAC
no_map	GARD:0012346 ! Cylindroma
no_map	GARD:0012373 ! Sndrome de Hennekam
no_map	GARD:0012374 ! Esclerosis lateral amiotrfica
no_map	GARD:0012376 ! Rubeola congnita
no_map	GARD:0012386 ! Trastorno bipolar
no_map	GARD:0012392 ! Cutaneous-skeletal hypophosphatemia syndrome
no_map	GARD:0012399 ! MAGT1-CDG
no_map	GARD:0012400 ! TUSC3-CDG
no_map	GARD:0012407 ! Adverse events of 5-alpha-reductase inhibitors
no_map	GARD:0012415 ! DHDDS-CDG
no_map	GARD:0012419 ! Enfermedad de Kawasaki
no_map	GARD:0012422 ! Enfermedad de Caffey
no_map	GARD:0012423 ! Hipocondroplasia
no_map	GARD:0012462 ! Sndrome de Goldenhar
no_map	GARD:0012467 ! Fibrosis qustica
no_map	GARD:0012468 ! Sndrome de Ehlers-Danlos con heterotopia periventricular
no_map	GARD:0012477 ! Disorders with deficiency of a single peroxisomal enzyme
no_map	GARD:0012498 ! Pseudohipoparatiroidismo
no_map	GARD:0012500 ! Sndrome de Aicardi
no_map	GARD:0012507 ! Neurofibromatosis tipo 1
no_map	GARD:0012508 ! Neurofibromatosis tipo 2
no_map	GARD:0012517 ! Sndrome de Ehlers-Danlos tipo hipermvil
no_map	GARD:0012518 ! Encefalopata por glicina
no_map	GARD:0012522 ! Enterovesical fistula
no_map	GARD:0012523 ! Distrofia miotnica tipo 1
no_map	GARD:0012537 ! Fistula enterovesical
no_map	GARD:0012556 ! Isolated growth hormone deficiency
no_map	GARD:0012557 ! Dficit de la hormona de crecimiento
no_map	GARD:0012572 ! Gamapata monoclonal de significado incierto
no_map	GARD:0012593 ! Dficit aislado de hormona de crecimiento
no_map	GARD:0012595 ! Retinopata de la prematuridad
no_map	GARD:0012609 ! Distrofia muscular
no_map	GARD:0012611 ! Sndrome de Glass-Chapman-Hockley
no_map	GARD:0012612 ! Sndrome de Haim-Munk
no_map	GARD:0012614 ! Queratodermia palmoplantar
no_map	GARD:0012615 ! Sndrome de Papillon-Lefvre
no_map	GARD:0012622 ! Disorders of Intracellular Cobalamin Metabolism
no_map	GARD:0012627 ! Leucodistrofia metacromtica
no_map	GARD:0012653 ! DOCK2 Deficiency
no_map	GARD:0012654 ! Baylisascaris infection
no_map	GARD:0012666 ! Anemia aplsica
no_map	GARD:0012667 ! Sndrome culo-cerebro-renal
no_map	GARD:0012668 ! Siringomielia
no_map	GARD:0012670 ! CASK-Related Disorders
no_map	GARD:0012672 ! Asociacin VACTERL
no_map	GARD:0012690 ! Antithrombin deficiency
